,Event,Activity,AudioOnset,AudioDuration,AudioOnsetIndex,EEGOnset,EEGDuration,EEGOnsetIndex,Syllable
0,StartReading,Overt,1656403963.5009758,66285,1719314,1656410779.0214844,769,5643,UKU
1,StartSaying,Overt,1656403966.793003,66262,1864494,1656410782.0761719,769,7207,UKU
2,StartReading,Overt,1656403970.3091776,66224,2019559,1656410785.1738281,769,8793,IFI
3,StartSaying,Overt,1656403973.7580287,66266,2171655,1656410788.3183594,770,10403,IFI
4,StartReading,Overt,1656403977.249918,66224,2325649,1656410791.8066406,769,12189,AFA
5,StartSaying,Overt,1656403980.3123786,66249,2460705,1656410794.84375,770,13744,AFA
6,StartReading,Overt,1656403983.5013006,66261,2601338,1656410798.203125,769,15464,UMU
7,StartSaying,Overt,1656403986.570768,66266,2736703,1656410801.4492188,770,17126,UMU
8,StartReading,Overt,1656403989.810211,66270,2879564,1656410804.7714844,769,18827,OFO
9,StartSaying,Overt,1656403992.875937,66250,3014764,1656410807.9882812,769,20474,OFO
10,StartReading,Overt,1656403996.3701165,66223,3168859,1656410811.2636719,768,22151,OTO
11,StartSaying,Overt,1656403999.8226182,66271,3321116,1656410814.5,768,23808,OTO
12,StartReading,Overt,1656404003.1078882,66221,3465998,1656410817.7714844,768,25483,APA
13,StartSaying,Overt,1656404006.3974214,66225,3611068,1656410821.1074219,769,27191,APA
14,StartReading,Overt,1656404009.7406955,66270,3758508,1656410824.3222656,769,28837,URU
15,StartSaying,Overt,1656404012.813156,66264,3894005,1656410827.4589844,769,30443,URU
16,StartReading,Overt,1656404016.019198,66218,4035393,1656410830.5292969,768,32015,ANA
17,StartSaying,Overt,1656404019.1464427,66226,4173306,1656410833.6601562,769,33618,ANA
18,StartReading,Overt,1656404022.6096246,66271,4326034,1656410837.1113281,768,35385,ETE
19,StartSaying,Overt,1656404025.644149,66269,4459858,1656410840.2734375,770,37004,ETE
20,StartReading,Inert,1656404032.0966406,66221,4744416,1656410861.6816406,770,47965,IRI
21,StartSaying,Inert,1656404035.2209828,66240,4882201,1656410865.0742188,768,49702,IRI
22,StartReading,Inert,1656404038.577023,66271,5030204,1656410868.1425781,768,51273,OTO
23,StartSaying,Inert,1656404041.9374623,66266,5178401,1656410871.640625,769,53064,OTO
24,StartReading,Inert,1656404045.278605,66219,5325747,1656410874.8105469,769,54687,IPI
25,StartSaying,Inert,1656404048.6158926,66247,5472923,1656410878.0722656,769,56357,IPI
26,StartReading,Inert,1656404051.955425,66263,5620198,1656410881.1386719,770,57927,EKE
27,StartSaying,Inert,1656404055.3239596,66213,5768752,1656410884.2988281,769,59545,EKE
28,StartReading,Inert,1656404058.42159,66220,5905359,1656410887.4863281,769,61177,IMI
29,StartSaying,Inert,1656404061.8420286,66265,6056202,1656410890.6542969,770,62799,IMI
30,StartReading,Inert,1656404065.1550536,66227,6202308,1656410894.1210938,769,64574,UJU
31,StartSaying,Inert,1656404068.1691022,66239,6335229,1656410897.5644531,769,66337,UJU
32,StartReading,Inert,1656404071.183763,66219,6468177,1656410901.0761719,769,68135,AKA
33,StartSaying,Inert,1656404074.3120959,66219,6606138,1656410904.0820312,770,69674,AKA
34,StartReading,Inert,1656404077.7644618,66246,6758389,1656410908.0019531,769,71681,AJA
35,StartSaying,Inert,1656404081.107373,66222,6905813,1656410911.0371094,769,73235,AJA
36,StartReading,Inert,1656404084.4232323,66225,7052044,1656410914.4433594,769,74979,ASA
37,StartSaying,Inert,1656404087.6625164,66263,7194898,1656410917.4746094,770,76531,ASA
38,StartReading,Inert,1656404090.7210317,66242,7329780,1656410920.6699219,770,78167,EPE
39,StartSaying,Inert,1656404094.0799518,66249,7477910,1656410923.9648438,769,79854,EPE
40,StartReading,Overt,1656404099.679913,66273,7724871,1656411163.2949219,771,202391,OMO
41,StartSaying,Overt,1656404103.0658395,66221,7874192,1656411166.5898438,769,204078,OMO
42,StartReading,Overt,1656404106.1076202,66231,8008336,1656411170.1054688,769,205878,IJI
43,StartSaying,Overt,1656404109.548671,66274,8160088,1656411173.5546875,770,207644,IJI
44,StartReading,Overt,1656404112.7217882,66268,8300024,1656411177.046875,770,209432,ENE
45,StartSaying,Overt,1656404116.1732695,66233,8452236,1656411180.1113281,769,211001,ENE
46,StartReading,Overt,1656404119.6006923,66263,8603387,1656411183.3007812,769,212634,ULU
47,StartSaying,Overt,1656404122.7170527,66248,8740820,1656411186.3710938,769,214206,ULU
48,StartReading,Overt,1656404125.7688332,66262,8875405,1656411189.6113281,769,215865,ARA
49,StartSaying,Overt,1656404128.8231988,66272,9010104,1656411192.6757812,770,217434,ARA
50,StartReading,Overt,1656404132.1300786,66226,9155939,1656411196.1679688,768,219222,EFE
51,StartSaying,Overt,1656404135.4004962,66245,9300166,1656411199.6171875,769,220988,EFE
52,StartReading,Overt,1656404138.7065144,66264,9445963,1656411202.8984375,768,222668,ITI
53,StartSaying,Overt,1656404141.953055,66263,9589137,1656411206.1855469,768,224351,ITI
54,StartReading,Overt,1656404145.3869853,66221,9740575,1656411209.5253906,768,226061,OSO
55,StartSaying,Overt,1656404148.4642985,66254,9876286,1656411212.59375,769,227632,OSO
56,StartReading,Overt,1656404151.8306563,66267,10024744,1656411215.796875,769,229272,UTU
57,StartSaying,Overt,1656404155.0890784,66252,10168442,1656411218.9238281,767,230873,UTU
58,StartReading,Overt,1656404158.118637,66225,10302047,1656411222.3828125,769,232644,ERE
59,StartSaying,Overt,1656404161.1237516,66214,10434574,1656411225.4140625,769,234196,ERE
60,StartReading,Inert,1656404168.3260763,66222,10752200,1656411231.8632812,769,237498,APA
61,StartSaying,Inert,1656404171.3702152,66213,10886448,1656411234.9863281,768,239097,APA
62,StartReading,Inert,1656404174.673195,66279,11032111,1656411238.3398438,769,240814,EME
63,StartSaying,Inert,1656404178.172408,66215,11186428,1656411241.6992188,769,242534,EME
64,StartReading,Inert,1656404181.3271127,66223,11325552,1656411245.0371094,769,244243,ARA
65,StartSaying,Inert,1656404184.6605682,66271,11472559,1656411248.3730469,769,245951,ARA
66,StartReading,Inert,1656404188.0039103,66227,11620002,1656411251.7109375,769,247660,AFA
67,StartSaying,Inert,1656404191.3858685,66225,11769148,1656411255.078125,769,249384,AFA
68,StartReading,Inert,1656404194.75819,66274,11917869,1656411258.1738281,769,250969,ITI
69,StartSaying,Inert,1656404197.8215578,66264,12052965,1656411261.59375,769,252720,ITI
70,StartReading,Inert,1656404200.8644495,66248,12187158,1656411264.90625,768,254416,AMA
71,StartSaying,Inert,1656404204.2957497,66225,12338480,1656411267.9179688,769,255958,AMA
72,StartReading,Inert,1656404207.3133357,66213,12471557,1656411270.9316406,769,257501,OLO
73,StartSaying,Inert,1656404210.5781524,66283,12615537,1656411274.0605469,768,259103,OLO
74,StartReading,Inert,1656404213.646282,66269,12750843,1656411277.5117188,769,260870,UTU
75,StartSaying,Inert,1656404217.106244,66228,12903429,1656411280.8515625,769,262580,UTU
76,StartReading,Inert,1656404220.3913102,66216,13048302,1656411284.1679688,768,264278,ESE
77,StartSaying,Inert,1656404223.5824542,66249,13189033,1656411287.40625,769,265936,ESE
78,StartReading,Inert,1656404227.0913274,66229,13343776,1656411290.4648438,769,267502,IFI
79,StartSaying,Inert,1656404230.4750316,66219,13492999,1656411293.8222656,769,269221,IFI
80,StartReading,Overt,1656404236.1861482,66226,13744862,1656411299.421875,769,272088,EPE
81,StartSaying,Overt,1656404239.6270175,66274,13896606,1656411302.8066406,769,273821,EPE
82,StartReading,Overt,1656404242.9974794,66268,14045245,1656411305.8476562,769,275378,USU
83,StartSaying,Overt,1656404246.2480106,66220,14188595,1656411309.2890625,769,277140,USU
84,StartReading,Overt,1656404249.3029885,66223,14323321,1656411312.4609375,769,278764,ATA
85,StartSaying,Overt,1656404252.6987789,66277,14473077,1656411315.9121094,769,280531,ATA
86,StartReading,Overt,1656404256.133163,66222,14624535,1656411319.3378906,769,282285,IRI
87,StartSaying,Overt,1656404259.2427435,66221,14761669,1656411322.4550781,769,283881,IRI
88,StartReading,Overt,1656404262.3674483,66222,14899470,1656411325.5058594,769,285443,IKI
89,StartSaying,Overt,1656404265.7726946,66265,15049643,1656411328.5585938,770,287006,IKI
90,StartReading,Overt,1656404269.2567832,66254,15203293,1656411331.8671875,768,288700,EME
91,StartSaying,Overt,1656404272.447882,66223,15344022,1656411335.1367188,769,290374,EME
92,StartReading,Overt,1656404275.7793195,66260,15490940,1656411338.4433594,769,292067,INI
93,StartSaying,Overt,1656404279.152752,66226,15639710,1656411341.6875,770,293728,INI
94,StartReading,Overt,1656404282.5306966,66260,15788679,1656411345.1230469,768,295487,OPO
95,StartSaying,Overt,1656404285.9302964,66261,15938603,1656411348.2011719,768,297063,OPO
96,StartReading,Overt,1656404289.146021,66223,16080418,1656411351.5644531,770,298785,AMA
97,StartSaying,Overt,1656404292.3683212,66254,16222523,1656411354.8242188,769,300454,AMA
98,StartReading,Overt,1656404295.5539324,66263,16363010,1656411357.8535156,768,302005,AJA
99,StartSaying,Overt,1656404299.0534859,66221,16517342,1656411360.8574219,769,303543,AJA
100,StartReading,Inert,1656404326.0215802,66214,17706648,1656411368.0605469,769,307231,UPU
101,StartSaying,Inert,1656404329.0485537,66217,17840139,1656411371.1035156,769,308789,UPU
102,StartReading,Inert,1656404332.406975,66222,17988247,1656411374.4082031,769,310481,OFO
103,StartSaying,Inert,1656404335.8090012,66255,18138278,1656411377.90625,769,312272,OFO
104,StartReading,Inert,1656404338.92128,66259,18275531,1656411381.0605469,769,313887,OJO
105,StartSaying,Inert,1656404342.3235328,66210,18425572,1656411384.3945312,769,315594,OJO
106,StartReading,Inert,1656404345.8213856,66262,18579829,1656411387.7382812,768,317306,ELE
107,StartSaying,Inert,1656404349.2515295,66211,18731100,1656411391.1191406,769,319037,ELE
108,StartReading,Inert,1656404352.6001322,66261,18878775,1656411394.4921875,769,320764,UMU
109,StartSaying,Inert,1656404355.7395082,66261,19017223,1656411397.5546875,769,322332,UMU
110,StartReading,Inert,1656404359.0029871,66233,19161144,1656411400.5976562,769,323890,ONO
111,StartSaying,Inert,1656404362.2090063,66250,19302531,1656411404.0292969,769,325647,ONO
112,StartReading,Inert,1656404365.4647985,66262,19446113,1656411407.046875,769,327192,OPO
113,StartSaying,Inert,1656404368.4842436,66219,19579272,1656411410.3125,769,328864,OPO
114,StartReading,Inert,1656404371.6462271,66275,19718717,1656411413.3789062,770,330434,EFE
115,StartSaying,Inert,1656404374.9812245,66275,19865792,1656411416.8398438,769,332206,EFE
116,StartReading,Inert,1656404378.1384916,66226,20005029,1656411420.125,769,333888,UKU
117,StartSaying,Inert,1656404381.2941484,66234,20144195,1656411423.3164062,769,335522,UKU
118,StartReading,Inert,1656404384.751843,66274,20296681,1656411426.8242188,769,337318,ENE
119,StartSaying,Inert,1656404388.0507412,66227,20442164,1656411430.2089844,768,339051,ENE
120,StartReading,Overt,1656404393.5532205,66273,20684826,1656411435.9199219,769,341975,UJU
121,StartSaying,Overt,1656404396.7284236,66254,20824854,1656411439.359375,770,343736,UJU
122,StartReading,Overt,1656404400.1983175,66228,20977878,1656411442.7324219,769,345463,ASA
123,StartSaying,Overt,1656404403.2799165,66224,21113778,1656411445.9824219,769,347127,ASA
124,StartReading,Overt,1656404406.6941874,66273,21264349,1656411449.0371094,769,348691,OLO
125,StartSaying,Overt,1656404409.8725426,66274,21404516,1656411452.4316406,770,350429,OLO
126,StartReading,Overt,1656404413.1209197,66250,21547771,1656411455.8652344,768,352187,ORO
127,StartSaying,Overt,1656404416.248799,66204,21685712,1656411458.9746094,769,353779,ORO
128,StartReading,Overt,1656404419.4368594,66255,21826307,1656411462.0996094,768,355379,OKO
129,StartSaying,Overt,1656404422.479003,66230,21960467,1656411465.5019531,769,357121,OKO
130,StartReading,Overt,1656404425.4940038,66228,22093430,1656411468.9863281,769,358905,UFU
131,StartSaying,Overt,1656404428.828956,66274,22240503,1656411472.1757812,769,360538,UFU
132,StartReading,Overt,1656404431.8729815,66257,22374746,1656411475.5078125,769,362244,EKE
133,StartSaying,Overt,1656404435.3021955,66230,22525976,1656411478.8789062,769,363970,EKE
134,StartReading,Overt,1656404438.3923204,66221,22662252,1656411482.2578125,769,365700,ONO
135,StartSaying,Overt,1656404441.5258236,66275,22800441,1656411485.65625,769,367440,ONO
136,StartReading,Overt,1656404444.5699852,66275,22934690,1656411488.8710938,769,369086,ESE
137,StartSaying,Overt,1656404447.9620795,66269,23084283,1656411492.09375,769,370736,ESE
138,StartReading,Overt,1656404451.2835622,66228,23230762,1656411495.2773438,769,372366,ALA
139,StartSaying,Overt,1656404454.630419,66275,23378360,1656411498.7773438,769,374158,ALA
140,StartReading,Inert,1656404463.593019,66242,23773615,1656411525.7402344,769,387963,ETE
141,StartSaying,Inert,1656404466.7527578,66266,23912961,1656411528.7675781,768,389513,ETE
142,StartReading,Inert,1656404469.7883706,66266,24046833,1656411532.125,769,391232,ANA
143,StartSaying,Inert,1656404473.1668823,66217,24195827,1656411535.5273438,769,392974,ANA
144,StartReading,Inert,1656404476.2833107,66229,24333263,1656411538.6386719,769,394567,ILI
145,StartSaying,Inert,1656404479.4606454,66230,24473385,1656411542.0390625,769,396308,ILI
146,StartReading,Inert,1656404482.5663712,66270,24610349,1656411545.5390625,768,398100,ATA
147,StartSaying,Inert,1656404485.7435472,66261,24750464,1656411548.9667969,769,399855,ATA
148,StartReading,Inert,1656404488.9858925,66265,24893453,1656411552.3144531,770,401569,ALA
149,StartSaying,Inert,1656404492.073319,66226,25029610,1656411555.4550781,769,403177,ALA
150,StartReading,Inert,1656404495.576546,66267,25184104,1656411558.71875,768,404848,EJE
151,StartSaying,Inert,1656404498.965012,66245,25333537,1656411561.9238281,769,406489,EJE
152,StartReading,Inert,1656404502.1474488,66222,25473884,1656411565.1796875,769,408156,IJI
153,StartSaying,Inert,1656404505.6372972,66272,25627788,1656411568.1992188,769,409702,IJI
154,StartReading,Inert,1656404508.667264,66273,25761411,1656411571.359375,769,411320,ISI
155,StartSaying,Inert,1656404512.0061162,66228,25908656,1656411574.6933594,770,413027,ISI
156,StartReading,Inert,1656404515.2214098,66230,26050452,1656411577.8515625,769,414644,OSO
157,StartSaying,Inert,1656404518.461306,66231,26193333,1656411581.0078125,768,416260,OSO
158,StartReading,Inert,1656404521.5183928,66265,26328152,1656411584.4648438,769,418030,ULU
159,StartSaying,Inert,1656404524.785069,66271,26472214,1656411587.7636719,768,419719,ULU
160,StartReading,Overt,1656404530.3132398,66215,26716009,1656411593.265625,769,422536,UPU
161,StartSaying,Overt,1656404533.4996448,66263,26856531,1656411596.4394531,770,424161,UPU
162,StartReading,Overt,1656404536.64376,66260,26995188,1656411599.9101562,768,425938,EJE
163,StartSaying,Overt,1656404540.1333134,66216,27149079,1656411602.9921875,768,427516,EJE
164,StartReading,Overt,1656404543.2329845,66216,27285776,1656411606.4042969,770,429263,AKA
165,StartSaying,Overt,1656404546.3680975,66224,27424036,1656411609.5820312,770,430890,AKA
166,StartReading,Overt,1656404549.4069078,66218,27558049,1656411612.8300781,770,432553,ISI
167,StartSaying,Overt,1656404552.6198432,66249,27699741,1656411615.9589844,768,434155,ISI
168,StartReading,Overt,1656404555.8408055,66256,27841787,1656411619.1464844,769,435787,IMI
169,StartSaying,Overt,1656404559.0328794,66251,27982559,1656411622.1875,770,437344,IMI
170,StartReading,Overt,1656404562.223638,66227,28123273,1656411625.203125,769,438888,ILI
171,StartSaying,Overt,1656404565.3953946,66226,28263149,1656411628.5390625,769,440596,ILI
172,StartReading,Overt,1656404568.6925466,66270,28408555,1656411631.5820312,769,442154,UNU
173,StartSaying,Overt,1656404571.9530778,66257,28552346,1656411635.0117188,769,443910,UNU
174,StartReading,Overt,1656404574.998736,66219,28686661,1656411638.0996094,769,445491,IPI
175,StartSaying,Overt,1656404578.3982906,66213,28836583,1656411641.234375,769,447096,IPI
176,StartReading,Overt,1656404581.5179389,66259,28974161,1656411644.2792969,769,448655,ELE
177,StartSaying,Overt,1656404584.817041,66250,29119653,1656411647.671875,769,450392,ELE
178,StartReading,Overt,1656404588.3061411,66233,29273524,1656411650.9921875,768,452092,OJO
179,StartSaying,Overt,1656404591.4719794,66230,29413139,1656411654.3378906,769,453805,OJO
180,StartReading,Inert,1656404615.5104232,66271,30473246,1656411663.3007812,769,458394,INI
181,StartSaying,Inert,1656404618.8920188,66248,30622376,1656411666.4609375,769,460012,INI
182,StartReading,Inert,1656404622.283002,66228,30771920,1656411669.4960938,769,461566,USU
183,StartSaying,Inert,1656404625.7488596,66261,30924766,1656411672.8730469,769,463295,USU
184,StartReading,Inert,1656404629.055694,66230,31070599,1656411675.9902344,769,464891,OKO
185,StartSaying,Inert,1656404632.5016654,66270,31222568,1656411679.1679688,768,466518,OKO
186,StartReading,Inert,1656404635.8713336,66267,31371172,1656411682.2734375,769,468108,ORO
187,StartSaying,Inert,1656404639.1077833,66224,31513901,1656411685.4511719,769,469735,ORO
188,StartReading,Inert,1656404642.553596,66271,31665863,1656411688.6933594,769,471395,UFU
189,StartSaying,Inert,1656404645.8216553,66271,31809986,1656411691.7792969,769,472975,UFU
190,StartReading,Inert,1656404649.0427766,66222,31952039,1656411695.2832031,769,474769,ERE
191,StartSaying,Inert,1656404652.1890233,66224,32090790,1656411698.671875,769,476504,ERE
192,StartReading,Inert,1656404655.6352892,66276,32242772,1656411701.8535156,769,478133,UNU
193,StartSaying,Inert,1656404658.8160026,66244,32383043,1656411705.34375,769,479920,UNU
194,StartReading,Inert,1656404661.995605,66258,32523265,1656411708.3730469,769,481471,OMO
195,StartSaying,Inert,1656404665.463186,66224,32676187,1656411711.7128906,769,483181,OMO
196,StartReading,Inert,1656404668.9164815,66243,32828479,1656411714.9277344,769,484827,IKI
197,StartSaying,Inert,1656404671.9733868,66268,32963290,1656411718.1660156,769,486485,IKI
198,StartReading,Inert,1656404675.1723537,66256,33104366,1656411721.2226562,770,488050,URU
199,StartSaying,Inert,1656404678.5619311,66260,33253848,1656411724.4902344,769,489723,URU
200,StartReading,Overt,1656404684.3956087,66225,33511116,1656411730.0195312,768,492554,ASA
201,StartSaying,Overt,1656404687.521062,66274,33648950,1656411733.2050781,769,494185,ASA
202,StartReading,Overt,1656404690.7542238,66262,33791534,1656411736.3496094,769,495795,ENE
203,StartSaying,Overt,1656404694.201669,66224,33943568,1656411739.8378906,769,497581,ENE
204,StartReading,Overt,1656404697.6387515,66260,34095145,1656411742.9375,769,499168,ANA
205,StartSaying,Overt,1656404700.884589,66275,34238288,1656411746.0722656,769,500773,ANA
206,StartReading,Overt,1656404704.01782,66218,34376465,1656411749.1132812,768,502330,AFA
207,StartSaying,Overt,1656404707.1272414,66226,34513592,1656411752.3242188,770,503974,AFA
208,StartReading,Overt,1656404710.5076807,66272,34662671,1656411755.5449219,770,505623,AJA
209,StartSaying,Overt,1656404714.0045583,66228,34816885,1656411758.7382812,769,507258,AJA
210,StartReading,Overt,1656404717.2946355,66227,34961979,1656411761.9296875,768,508892,IRI
211,StartSaying,Overt,1656404720.4512677,66227,35101188,1656411765.0996094,769,510515,IRI
212,StartReading,Overt,1656404723.556449,66284,35238128,1656411768.3964844,770,512203,IFI
213,StartSaying,Overt,1656404726.6553493,66275,35374791,1656411771.6582031,769,513873,IFI
214,StartReading,Overt,1656404729.9168327,66271,35518624,1656411774.703125,769,515432,EKE
215,StartSaying,Overt,1656404733.0445082,66228,35656556,1656411778.1035156,769,517173,EKE
216,StartReading,Overt,1656404736.105699,66237,35791556,1656411781.2226562,769,518770,UNU
217,StartSaying,Overt,1656404739.2826939,66227,35931663,1656411784.5214844,769,520459,UNU
218,StartReading,Overt,1656404742.5860136,66277,36077341,1656411788.0097656,770,522245,URU
219,StartSaying,Overt,1656404745.661785,66267,36212984,1656411791.1757812,769,523866,URU
220,StartReading,Inert,1656404755.2219067,66224,36634590,1656411815.2148438,769,536174,INI
221,StartSaying,Inert,1656404758.5704415,66264,36782262,1656411818.5957031,769,537905,INI
222,StartReading,Inert,1656404761.7780025,66260,36923717,1656411821.9882812,768,539642,ILI
223,StartSaying,Inert,1656404765.0250645,66222,37066914,1656411825.453125,769,541416,ILI
224,StartReading,Inert,1656404768.4083607,66225,37216119,1656411828.7597656,769,543109,EJE
225,StartSaying,Inert,1656404771.5780766,66275,37355905,1656411832.2070312,769,544874,EJE
226,StartReading,Inert,1656404774.9786289,66273,37505871,1656411835.5761719,769,546599,ESE
227,StartSaying,Inert,1656404778.1925163,66222,37647605,1656411838.8125,769,548256,ESE
228,StartReading,Inert,1656404781.2903056,66223,37784219,1656411842.2578125,769,550020,ORO
229,StartSaying,Inert,1656404784.3939676,66231,37921092,1656411845.5253906,770,551693,ORO
230,StartReading,Inert,1656404787.587266,66272,38061918,1656411848.7460938,769,553342,AKA
231,StartSaying,Inert,1656404790.7899747,66279,38203159,1656411851.8925781,769,554953,AKA
232,StartReading,Inert,1656404793.83527,66274,38337458,1656411855.3398438,769,556718,USU
233,StartSaying,Inert,1656404796.9229233,66272,38473625,1656411858.5214844,769,558347,USU
234,StartReading,Inert,1656404800.2893035,66221,38622084,1656411861.7011719,769,559975,IMI
235,StartSaying,Inert,1656404803.5829182,66274,38767334,1656411865.1679688,768,561750,IMI
236,StartReading,Inert,1656404806.8273044,66272,38910413,1656411868.6210938,769,563518,IRI
237,StartSaying,Inert,1656404810.2923005,66230,39063221,1656411871.6777344,769,565083,IRI
238,StartReading,Inert,1656404813.3684118,66256,39198879,1656411874.8769531,769,566721,EKE
239,StartSaying,Inert,1656404816.488831,66260,39336491,1656411878.265625,770,568456,EKE
240,StartReading,Overt,1656404832.7906024,66271,40055407,1656411884.0996094,769,571443,ILI
241,StartSaying,Overt,1656404836.1776173,66227,40204776,1656411887.2265625,769,573044,ILI
242,StartReading,Overt,1656404839.4717536,66232,40350049,1656411890.4589844,769,574699,OSO
243,StartSaying,Overt,1656404842.8118758,66262,40497350,1656411893.90625,769,576464,OSO
244,StartReading,Overt,1656404846.0739489,66228,40641209,1656411897.34375,769,578224,ORO
245,StartSaying,Overt,1656404849.2784715,66227,40782530,1656411900.5878906,770,579885,ORO
246,StartReading,Overt,1656404852.4746041,66223,40923481,1656411903.7226562,769,581490,INI
247,StartSaying,Overt,1656404855.654116,66269,41063699,1656411906.8300781,770,583081,INI
248,StartReading,Overt,1656404859.1673427,66225,41218634,1656411910.2128906,769,584813,OFO
249,StartSaying,Overt,1656404862.3569448,66258,41359297,1656411913.7089844,769,586603,OFO
250,StartReading,Overt,1656404865.746885,66269,41508795,1656411917.0,768,588288,ALA
251,StartSaying,Overt,1656404869.1906567,66224,41660667,1656411920.15625,769,589904,ALA
252,StartReading,Overt,1656404872.3745673,66225,41801079,1656411923.2597656,770,591493,EJE
253,StartSaying,Overt,1656404875.387913,66248,41933969,1656411926.359375,770,593080,EJE
254,StartReading,Overt,1656404878.6876955,66261,42079491,1656411929.6210938,769,594750,UPU
255,StartSaying,Overt,1656404881.9711287,66271,42224292,1656411932.75,768,596352,UPU
256,StartReading,Overt,1656404885.0442924,66262,42359820,1656411935.8105469,768,597919,OLO
257,StartSaying,Overt,1656404888.5441632,66276,42514166,1656411938.9863281,769,599545,OLO
258,StartReading,Overt,1656404891.688392,66268,42652828,1656411942.2890625,770,601236,ETE
259,StartSaying,Overt,1656404895.0952706,66228,42803073,1656411945.3671875,769,602812,ETE
260,StartReading,Inert,1656404901.7536101,66265,43096709,1656411954.9257812,770,607706,APA
261,StartSaying,Inert,1656404905.093188,66246,43243986,1656411958.2753906,769,609421,APA
262,StartReading,Inert,1656404908.2205234,66232,43381903,1656411961.4824219,769,611063,OMO
263,StartSaying,Inert,1656404911.2533474,66224,43515652,1656411964.7285156,769,612725,OMO
264,StartReading,Inert,1656404914.3067153,66228,43650307,1656411968.1132812,769,614458,IFI
265,StartSaying,Inert,1656404917.785906,66276,43803741,1656411971.2832031,770,616081,IFI
266,StartReading,Inert,1656404921.2293603,66229,43955599,1656411974.6855469,769,617823,IPI
267,StartSaying,Inert,1656404924.261912,66219,44089336,1656411977.8984375,769,619468,IPI
268,StartReading,Inert,1656404927.566955,66275,44235090,1656411980.9960938,769,621054,ONO
269,StartSaying,Inert,1656404931.0000467,66232,44386491,1656411984.0996094,769,622643,ONO
270,StartReading,Inert,1656404934.2593534,66223,44530228,1656411987.2929688,770,624278,EFE
271,StartSaying,Inert,1656404937.3890016,66227,44668247,1656411990.4960938,770,625918,EFE
272,StartReading,Inert,1656404940.6813464,66269,44813441,1656411993.5429688,769,627478,ULU
273,StartSaying,Inert,1656404943.7889087,66273,44950486,1656411996.6308594,769,629059,ULU
274,StartReading,Inert,1656404947.1332712,66229,45097974,1656411999.9960938,770,630782,ARA
275,StartSaying,Inert,1656404950.5613515,66270,45249154,1656412003.2910156,769,632469,ARA
276,StartReading,Inert,1656404953.669458,66274,45386223,1656412006.5351562,770,634130,ASA
277,StartSaying,Inert,1656404956.7350707,66273,45521418,1656412010.0,769,635904,ASA
278,StartReading,Inert,1656404959.781137,66272,45655751,1656412013.078125,769,637480,OPO
279,StartSaying,Inert,1656404962.8127818,66266,45789448,1656412016.1972656,770,639077,OPO
280,StartReading,Overt,1656404968.7036242,66273,46049237,1656412032.5,770,647424,AMA
281,StartSaying,Overt,1656404971.8003929,66274,46185806,1656412035.8886719,768,649159,AMA
282,StartReading,Overt,1656404974.9643266,66271,46325337,1656412039.1816406,769,650845,USU
283,StartSaying,Overt,1656404978.2741995,66231,46471304,1656412042.5214844,770,652555,USU
284,StartReading,Overt,1656404981.5886075,66267,46617471,1656412045.7851562,769,654226,UTU
285,StartSaying,Overt,1656404984.8733335,66274,46762329,1656412048.9902344,769,655867,UTU
286,StartReading,Overt,1656404988.0313714,66229,46901600,1656412052.1855469,769,657503,IPI
287,StartSaying,Overt,1656404991.2061892,66228,47041611,1656412055.3652344,770,659131,IPI
288,StartReading,Overt,1656404994.65758,66276,47193819,1656412058.8789062,769,660930,IJI
289,StartSaying,Overt,1656404998.0946398,66225,47345395,1656412062.0683594,770,662563,IJI
290,StartReading,Overt,1656405001.5410872,66249,47497385,1656412065.4589844,769,664299,OTO
291,StartSaying,Overt,1656405004.9004607,66274,47645535,1656412068.9023438,769,666062,OTO
292,StartReading,Overt,1656405007.9405181,66268,47779603,1656412072.0878906,769,667693,ELE
293,StartSaying,Overt,1656405011.2852433,66219,47927107,1656412075.0996094,770,669235,ELE
294,StartReading,Overt,1656405014.484324,66231,48068188,1656412078.4003906,769,670925,OJO
295,StartSaying,Overt,1656405017.7972128,66276,48214288,1656412081.6835938,770,672606,OJO
296,StartReading,Overt,1656405021.0796485,66226,48359045,1656412084.7578125,769,674180,UJU
297,StartSaying,Overt,1656405024.3124473,66205,48501613,1656412088.2578125,769,675972,UJU
298,StartReading,Overt,1656405027.4732063,66229,48641004,1656412091.4023438,769,677582,ESE
299,StartSaying,Overt,1656405030.806163,66272,48787989,1656412094.8085938,769,679326,ESE
300,StartReading,Inert,1656405036.2621803,66250,49028602,1656412101.46875,769,682736,ANA
301,StartSaying,Inert,1656405039.7145686,66265,49180854,1656412104.8085938,769,684446,ANA
302,StartReading,Inert,1656405043.222716,66231,49335565,1656412107.9355469,769,686047,OJO
303,StartSaying,Inert,1656405046.345539,66230,49473283,1656412110.96875,769,687600,OJO
304,StartReading,Inert,1656405049.706069,66265,49621484,1656412114.0214844,769,689163,OLO
305,StartSaying,Inert,1656405052.891499,66274,49761963,1656412117.5019531,769,690945,OLO
306,StartReading,Inert,1656405055.9613292,66271,49897344,1656412120.9453125,769,692708,UJU
307,StartSaying,Inert,1656405059.2523816,66218,50042481,1656412123.9785156,768,694261,UJU
308,StartReading,Inert,1656405062.750257,66274,50196739,1656412127.2832031,769,695953,ETE
309,StartSaying,Inert,1656405066.0326247,66229,50341493,1656412130.7148438,770,697710,ETE
310,StartReading,Inert,1656405069.2158778,66225,50481876,1656412133.9765625,769,699380,EPE
311,StartSaying,Inert,1656405072.6018045,66271,50631197,1656412137.1054688,769,700982,EPE
312,StartReading,Inert,1656405075.9701347,66268,50779742,1656412140.3984375,769,702668,ITI
313,StartSaying,Inert,1656405079.4329312,66256,50932453,1656412143.5058594,769,704259,ITI
314,StartReading,Inert,1656405082.612783,66266,51072686,1656412146.8496094,769,705971,EME
315,StartSaying,Inert,1656405086.0726542,66222,51225268,1656412150.2792969,769,707727,EME
316,StartReading,Inert,1656405089.513977,66263,51377032,1656412153.3867188,769,709318,URU
317,StartSaying,Inert,1656405092.8750968,66270,51525259,1656412156.453125,770,710888,URU
318,StartReading,Inert,1656405096.3835843,66228,51679985,1656412159.4980469,770,712447,UPU
319,StartSaying,Inert,1656405099.7835472,66273,51829925,1656412162.53125,769,714000,UPU
320,StartReading,Overt,1656405106.9823344,66274,52147395,1656412168.421875,769,717016,APA
321,StartSaying,Overt,1656405110.2112558,66225,52289792,1656412171.5195312,769,718602,APA
322,StartReading,Overt,1656405113.29324,66233,52425709,1656412174.6835938,769,720222,EME
323,StartSaying,Overt,1656405116.6762643,66268,52574902,1656412177.9921875,769,721916,EME
324,StartReading,Overt,1656405119.7881577,66267,52712138,1656412181.3085938,769,723614,EPE
325,StartSaying,Overt,1656405122.960708,66270,52852049,1656412184.5917969,769,725295,EPE
326,StartReading,Overt,1656405126.1488361,66222,52992647,1656412187.75,769,726912,IMI
327,StartSaying,Overt,1656405129.5067358,66267,53140732,1656412190.9257812,769,728538,IMI
328,StartReading,Overt,1656405132.8965626,66269,53290225,1656412194.3769531,769,730305,OKO
329,StartSaying,Overt,1656405136.123262,66217,53432524,1656412197.8144531,769,732065,OKO
330,StartReading,Overt,1656405139.6016138,66272,53585921,1656412201.2617188,769,733830,UMU
331,StartSaying,Overt,1656405142.873596,66272,53730217,1656412204.6210938,769,735550,UMU
332,StartReading,Overt,1656405146.2820394,66226,53880531,1656412207.6601562,770,737106,ATA
333,StartSaying,Overt,1656405149.2912807,66226,54013240,1656412211.0058594,769,738819,ATA
334,StartReading,Overt,1656405152.686527,66272,54162972,1656412214.2050781,769,740457,OPO
335,StartSaying,Overt,1656405156.042431,66228,54310969,1656412217.5175781,770,742153,OPO
336,StartReading,Overt,1656405159.0665703,66228,54444335,1656412220.8007812,769,743834,OMO
337,StartSaying,Overt,1656405162.3421125,66228,54588788,1656412224.0332031,769,745489,OMO
338,StartReading,Overt,1656405165.7815988,66277,54740471,1656412227.1933594,769,747107,IKI
339,StartSaying,Overt,1656405169.163648,66220,54889621,1656412230.5273438,769,748814,IKI
340,StartReading,Inert,1656405174.6050847,66270,55129591,1656412235.9824219,770,751607,IKI
341,StartSaying,Inert,1656405177.6164348,66246,55262393,1656412239.4355469,769,753375,IKI
342,StartReading,Inert,1656405181.1021109,66227,55416113,1656412242.9433594,770,755171,UNU
343,StartSaying,Inert,1656405184.2357047,66218,55554306,1656412246.0664062,769,756770,UNU
344,StartReading,Inert,1656405187.5606797,66264,55700939,1656412249.4277344,769,758491,IJI
345,StartSaying,Inert,1656405190.9362662,66236,55849804,1656412252.6132812,770,760122,IJI
346,StartReading,Inert,1656405194.1184309,66223,55990139,1656412255.6835938,769,761694,ERE
347,StartSaying,Inert,1656405197.531137,66273,56140641,1656412258.9746094,769,763379,ERE
348,StartReading,Inert,1656405200.8451824,66268,56286792,1656412262.4726562,769,765170,UTU
349,StartSaying,Inert,1656405203.9994109,66229,56425895,1656412265.7558594,769,766851,UTU
350,StartReading,Inert,1656405207.069332,66228,56561280,1656412268.9375,769,768480,UKU
351,StartSaying,Inert,1656405210.175012,66223,56698242,1656412272.3242188,770,770214,UKU
352,StartReading,Inert,1656405213.3170183,66222,56836806,1656412275.6933594,769,771939,AJA
353,StartSaying,Inert,1656405216.7889078,66273,56989918,1656412279.15625,769,773712,AJA
354,StartReading,Inert,1656405220.0181015,66226,57132327,1656412282.3359375,769,775340,OKO
355,StartSaying,Inert,1656405223.4476557,66224,57283572,1656412285.7949219,770,777111,OKO
356,StartReading,Inert,1656405226.7605217,66273,57429671,1656412289.2382812,769,778874,UFU
357,StartSaying,Inert,1656405230.0134566,66221,57573127,1656412292.5996094,769,780595,UFU
358,StartReading,Inert,1656405233.1471183,66216,57711323,1656412296.1074219,769,782391,ISI
359,StartSaying,Inert,1656405236.4935896,66225,57858904,1656412299.5078125,769,784132,ISI
360,StartReading,Overt,1656405550.2591732,66222,71696118,1656412306.7070312,769,787818,ONO
361,StartSaying,Overt,1656405553.7590442,66277,71850464,1656412309.9355469,769,789471,ONO
362,StartReading,Overt,1656405556.8561983,66245,71987050,1656412313.0175781,769,791049,EFE
363,StartSaying,Overt,1656405560.0790882,66226,72129181,1656412316.4003906,770,792781,EFE
364,StartReading,Overt,1656405563.1348596,66220,72263942,1656412319.5136719,769,794375,ITI
365,StartSaying,Overt,1656405566.321083,66239,72404456,1656412322.6855469,769,795999,ITI
366,StartReading,Overt,1656405569.7415898,66257,72555302,1656412325.8730469,769,797631,UKU
367,StartSaying,Overt,1656405572.8886075,66261,72694087,1656412329.2304688,770,799350,UKU
368,StartReading,Overt,1656405576.1112933,66216,72836209,1656412332.6210938,769,801086,ULU
369,StartSaying,Overt,1656405579.3444097,66219,72978791,1656412335.8496094,768,802739,ULU
370,StartReading,Overt,1656405582.3677099,66213,73112120,1656412339.328125,769,804520,AKA
371,StartSaying,Overt,1656405585.7885795,66260,73262982,1656412342.5996094,769,806195,AKA
372,StartReading,Overt,1656405588.8311083,66273,73397159,1656412346.0078125,769,807940,UFU
373,StartSaying,Overt,1656405591.9514143,66254,73534766,1656412349.015625,770,809480,UFU
374,StartReading,Overt,1656405595.0999286,66229,73673617,1656412352.4121094,769,811219,ARA
375,StartSaying,Overt,1656405598.429892,66226,73820470,1656412355.7675781,769,812937,ARA
376,StartReading,Overt,1656405601.514892,66266,73956520,1656412358.7929688,769,814486,ERE
377,StartSaying,Overt,1656405604.847486,66271,74103489,1656412362.0683594,769,816163,ERE
378,StartReading,Overt,1656405608.196837,66211,74251197,1656412365.5078125,769,817924,ISI
379,StartSaying,Overt,1656405611.5553262,66268,74399308,1656412368.890625,769,819656,ISI
380,StartReading,Inert,1656405617.3437889,66225,74654582,1656412374.3320312,770,822442,ATA
381,StartSaying,Inert,1656405620.5585155,66262,74796353,1656412377.34375,769,823984,ATA
382,StartReading,Inert,1656405623.8584113,66275,74941880,1656412380.828125,769,825768,AFA
383,StartSaying,Inert,1656405627.178148,66230,75088282,1656412383.9628906,769,827373,AFA
384,StartReading,Inert,1656405630.3899949,66216,75229926,1656412387.2871094,769,829075,AMA
385,StartSaying,Inert,1656405633.68141,66274,75375079,1656412390.6640625,769,830804,AMA
386,StartReading,Inert,1656405637.1706688,66222,75528957,1656412393.8457031,769,832433,UMU
387,StartSaying,Inert,1656405640.2819273,66220,75666165,1656412397.2578125,770,834180,UMU
388,StartReading,Inert,1656405643.528717,66258,75809350,1656412400.5722656,769,835877,OTO
389,StartSaying,Inert,1656405646.6788185,66259,75948271,1656412403.7285156,768,837493,OTO
390,StartReading,Inert,1656405649.8386705,66268,76087622,1656412406.796875,769,839064,OFO
391,StartSaying,Inert,1656405653.2235541,66231,76236897,1656412409.9023438,769,840654,OFO
392,StartReading,Inert,1656405656.6561468,66272,76388276,1656412413.0449219,769,842263,OSO
393,StartSaying,Inert,1656405659.9700334,66276,76534420,1656412416.515625,770,844040,OSO
394,StartReading,Inert,1656405663.4858224,66229,76689468,1656412419.7460938,769,845694,ALA
395,StartSaying,Inert,1656405666.7105944,66272,76831682,1656412423.1757812,769,847450,ALA
396,StartReading,Inert,1656405670.2100797,66224,76986011,1656412426.4882812,770,849146,ELE
397,StartSaying,Inert,1656405673.320726,66268,77123192,1656412429.7421875,769,850812,ELE
398,StartReading,Inert,1656405676.7242033,66267,77273287,1656412432.875,769,852416,ENE
399,StartSaying,Inert,1656405680.1199257,66228,77423040,1656412436.2226562,769,854130,ENE
400,StartReading,Overt,1656405685.3616142,66222,77654201,1656412749.9960938,769,1014782,ISI
401,StartSaying,Overt,1656405688.381876,66229,77787396,1656412753.4941406,771,1016573,ISI
402,StartReading,Overt,1656405691.5760586,66279,77928261,1656412756.59375,768,1018160,ORO
403,StartSaying,Overt,1656405694.6679294,66251,78064614,1656412759.8164062,769,1019810,ORO
404,StartReading,Overt,1656405698.0187771,66227,78212388,1656412762.8710938,769,1021374,EFE
405,StartSaying,Overt,1656405701.309353,66223,78357504,1656412766.0566406,770,1023005,EFE
406,StartReading,Overt,1656405704.783737,66277,78510726,1656412769.4785156,769,1024757,ILI
407,StartSaying,Overt,1656405708.1908197,66227,78660980,1656412772.625,770,1026368,ILI
408,StartReading,Overt,1656405711.215798,66228,78794383,1656412775.8496094,768,1028019,EKE
409,StartSaying,Overt,1656405714.6277332,66272,78944851,1656412779.0820312,768,1029674,EKE
410,StartReading,Overt,1656405717.9580595,66274,79091720,1656412782.1054688,769,1031222,ANA
411,StartSaying,Overt,1656405721.0088422,66217,79226261,1656412785.5253906,769,1032973,ANA
412,StartReading,Overt,1656405724.1027086,66221,79362702,1656412788.5683594,770,1034531,OPO
413,StartSaying,Overt,1656405727.2002711,66259,79499306,1656412791.6894531,769,1036129,OPO
414,StartReading,Overt,1656405730.5282164,66274,79646070,1656412794.8378906,768,1037741,IRI
415,StartSaying,Overt,1656405733.6209035,66273,79782459,1656412798.1660156,770,1039445,IRI
416,StartReading,Overt,1656405736.7340894,66273,79919752,1656412801.2519531,769,1041025,OJO
417,StartSaying,Overt,1656405740.0690188,66226,80066824,1656412804.5859375,769,1042732,OJO
418,StartReading,Overt,1656405743.4074855,66229,80214052,1656412807.9355469,768,1044447,OFO
419,StartSaying,Overt,1656405746.495116,66230,80350218,1656412811.2929688,769,1046166,OFO
420,StartReading,Inert,1656405752.785818,66274,80627641,1656412817.0820312,768,1049130,ETE
421,StartSaying,Inert,1656405755.9585497,66273,80767560,1656412820.296875,769,1050776,ETE
422,StartReading,Inert,1656405759.1943872,66233,80910262,1656412823.5957031,770,1052465,IMI
423,StartSaying,Inert,1656405762.384239,66228,81050936,1656412826.9160156,769,1054165,IMI
424,StartReading,Inert,1656405765.5895553,66274,81192292,1656412830.1289062,769,1055810,OTO
425,StartSaying,Inert,1656405768.6331272,66271,81326515,1656412833.4199219,769,1057495,OTO
426,StartReading,Inert,1656405772.008283,66236,81475361,1656412836.9082031,769,1059281,IJI
427,StartSaying,Inert,1656405775.0701542,66228,81610391,1656412840.0195312,769,1060874,IJI
428,StartReading,Inert,1656405778.275561,66228,81751751,1656412843.2675781,769,1062537,UPU
429,StartSaying,Inert,1656405781.573348,66274,81897185,1656412846.4160156,770,1064149,UPU
430,StartReading,Inert,1656405785.0808606,66256,82051868,1656412849.578125,769,1065768,UNU
431,StartSaying,Inert,1656405788.4543612,66226,82200641,1656412852.9609375,770,1067500,UNU
432,StartReading,Inert,1656405791.7516038,66267,82346051,1656412856.3945312,769,1069258,AMA
433,StartSaying,Inert,1656405794.7909808,66266,82480089,1656412859.7089844,769,1070955,AMA
434,StartReading,Inert,1656405798.1465678,66229,82628072,1656412863.2246094,769,1072755,IPI
435,StartSaying,Inert,1656405801.335399,66228,82768701,1656412866.4492188,769,1074406,IPI
436,StartReading,Inert,1656405804.5874722,66276,82912119,1656412869.9492188,769,1076198,IFI
437,StartSaying,Inert,1656405807.8092961,66268,83054203,1656412873.0585938,770,1077790,IFI
438,StartReading,Inert,1656405811.0802126,66224,83198452,1656412876.4628906,769,1079533,UMU
439,StartSaying,Inert,1656405814.3308573,66228,83341807,1656412879.859375,768,1081272,UMU
440,StartReading,Overt,1656405819.682794,66276,83577830,1656412885.1015625,768,1083956,AMA
441,StartSaying,Overt,1656405823.0999675,66228,83728529,1656412888.1210938,769,1085502,AMA
442,StartReading,Overt,1656405826.1846502,66234,83864565,1656412891.3144531,770,1087137,ARA
443,StartSaying,Overt,1656405829.4896708,66227,84010318,1656412894.4082031,769,1088721,ARA
444,StartReading,Overt,1656405832.720905,66277,84152817,1656412897.7578125,769,1090436,IFI
445,StartSaying,Overt,1656405836.0027285,66229,84297547,1656412901.0488281,769,1092121,IFI
446,StartReading,Overt,1656405839.1557324,66228,84436596,1656412904.5234375,769,1093900,EPE
447,StartSaying,Overt,1656405842.3475568,66228,84577357,1656412907.9296875,769,1095644,EPE
448,StartReading,Overt,1656405845.716953,66250,84725949,1656412910.9570312,768,1097194,UTU
449,StartSaying,Overt,1656405849.067279,66224,84873700,1656412914.3671875,770,1098940,UTU
450,StartReading,Overt,1656405852.3995554,66226,85020655,1656412917.6972656,770,1100645,ONO
451,StartSaying,Overt,1656405855.7294056,66271,85167503,1656412920.75,768,1102208,ONO
452,StartReading,Overt,1656405858.852614,66274,85305238,1656412923.84375,768,1103792,UPU
453,StartSaying,Overt,1656405862.2935512,66228,85456985,1656412926.9414062,769,1105378,UPU
454,StartReading,Overt,1656405865.762765,66262,85609979,1656412930.2675781,770,1107081,IKI
455,StartSaying,Overt,1656405868.8010309,66264,85743968,1656412933.3613281,769,1108665,IKI
456,StartReading,Overt,1656405872.096074,66227,85889281,1656412936.4746094,769,1110259,UJU
457,StartSaying,Overt,1656405875.247763,66217,86028272,1656412939.8085938,769,1111966,UJU
458,StartReading,Overt,1656405878.4324672,66226,86168719,1656412943.1484375,769,1113676,ESE
459,StartSaying,Overt,1656405881.8135865,66270,86317828,1656412946.2363281,769,1115257,ESE
460,StartReading,Inert,1656405887.389852,66225,86563744,1656412952.5273438,769,1118478,ONO
461,StartSaying,Inert,1656405890.785665,66277,86713501,1656412955.6992188,770,1120102,ONO
462,StartReading,Inert,1656405893.9758794,66251,86854191,1656412958.9355469,769,1121759,UFU
463,StartSaying,Inert,1656405897.28929,66224,87000314,1656412962.125,769,1123392,UFU
464,StartReading,Inert,1656405900.5670543,66271,87144865,1656412965.3300781,769,1125033,ENE
465,StartSaying,Inert,1656405903.900918,66256,87291890,1656412968.3730469,770,1126591,ENE
466,StartReading,Inert,1656405907.002698,66226,87428680,1656412971.75,769,1128320,EJE
467,StartSaying,Inert,1656405910.3891008,66222,87578022,1656412974.8105469,770,1129887,EJE
468,StartReading,Inert,1656405913.520495,66219,87716118,1656412978.015625,769,1131528,ANA
469,StartSaying,Inert,1656405916.6005065,66268,87851948,1656412981.3144531,769,1133217,ANA
470,StartReading,Inert,1656405919.775347,66260,87991960,1656412984.8222656,769,1135013,EFE
471,StartSaying,Inert,1656405923.0077832,66224,88134512,1656412988.1953125,769,1136740,EFE
472,StartReading,Inert,1656405926.2059567,66223,88275553,1656412991.4921875,770,1138428,OMO
473,StartSaying,Inert,1656405929.5194805,66261,88421681,1656412994.53125,770,1139984,OMO
474,StartReading,Inert,1656405933.0192835,66223,88576024,1656412997.8886719,768,1141703,OSO
475,StartSaying,Inert,1656405936.103354,66226,88712033,1656413001.078125,768,1143336,OSO
476,StartReading,Inert,1656405939.5244956,66268,88862907,1656413004.328125,770,1145000,IKI
477,StartSaying,Inert,1656405942.7189956,66265,89003786,1656413007.5507812,769,1146650,IKI
478,StartReading,Inert,1656405945.7698011,66275,89138328,1656413010.8222656,769,1148325,ITI
479,StartSaying,Inert,1656405949.1646392,66219,89288042,1656413014.0722656,769,1149989,ITI
480,StartReading,Overt,1656405954.6453273,66274,89529743,1656413019.4238281,770,1152729,ERE
481,StartSaying,Overt,1656405957.72611,66267,89665607,1656413022.8417969,769,1154479,ERE
482,StartReading,Overt,1656405960.740816,66272,89798557,1656413025.9257812,770,1156058,OMO
483,StartSaying,Overt,1656405964.1617763,66223,89949423,1656413029.2304688,770,1157750,OMO
484,StartReading,Overt,1656405967.553077,66262,90098981,1656413032.4628906,769,1159405,URU
485,StartSaying,Overt,1656405970.8665328,66271,90245106,1656413035.7441406,769,1161085,URU
486,StartReading,Overt,1656405974.0794907,66231,90386799,1656413038.8984375,769,1162700,ETE
487,StartSaying,Overt,1656405977.1902049,66222,90523983,1656413042.0898438,769,1164334,ETE
488,StartReading,Overt,1656405980.6945882,66276,90678528,1656413045.4589844,769,1166059,ATA
489,StartSaying,Overt,1656405984.0244837,66217,90825378,1656413048.8085938,770,1167774,ATA
490,StartReading,Overt,1656405987.4727452,66225,90977448,1656413052.1425781,769,1169481,ALA
491,StartSaying,Overt,1656405990.745385,66269,91121773,1656413055.4726562,769,1171186,ALA
492,StartReading,Overt,1656405994.128477,66221,91270969,1656413058.5957031,769,1172785,EJE
493,StartSaying,Overt,1656405997.2100306,66225,91406867,1656413062.0351562,769,1174546,EJE
494,StartReading,Overt,1656406000.342173,66227,91544996,1656413065.5058594,769,1176323,UKU
495,StartSaying,Overt,1656406003.3827293,66223,91679086,1656413068.5429688,770,1177878,UKU
496,StartReading,Overt,1656406006.6939402,66269,91825112,1656413071.8378906,769,1179565,ULU
497,StartSaying,Overt,1656406010.083631,66229,91974599,1656413074.9902344,769,1181179,ULU
498,StartReading,Overt,1656406013.3330057,66251,92117898,1656413078.1757812,768,1182810,IPI
499,StartSaying,Overt,1656406016.7203608,66254,92267282,1656413081.5566406,769,1184541,IPI
500,StartReading,Inert,1656406022.1704597,66229,92507634,1656413087.1328125,769,1187396,OFO
501,StartSaying,Inert,1656406025.52616,66276,92655622,1656413090.5292969,769,1189135,OFO
502,StartReading,Inert,1656406028.8401825,66266,92801772,1656413093.71875,770,1190768,ARA
503,StartSaying,Inert,1656406032.0926867,66220,92945209,1656413097.0332031,769,1192465,ARA
504,StartReading,Inert,1656406035.5831926,66261,93099142,1656413100.3105469,770,1194143,OKO
505,StartSaying,Inert,1656406038.9928603,66272,93249510,1656413103.6445312,769,1195850,OKO
506,StartReading,Inert,1656406042.1270664,66226,93387730,1656413106.7460938,769,1197438,ISI
507,StartSaying,Inert,1656406045.488957,66253,93535991,1656413110.1328125,769,1199172,ISI
508,StartReading,Inert,1656406048.8428884,66271,93683901,1656413113.2636719,769,1200775,EKE
509,StartSaying,Inert,1656406051.981244,66264,93822304,1656413116.34375,770,1202352,EKE
510,StartReading,Inert,1656406055.3332708,66220,93970130,1656413119.5195312,769,1203978,ESE
511,StartSaying,Inert,1656406058.4526243,66215,94107695,1656413122.7519531,769,1205633,ESE
512,StartReading,Inert,1656406061.6301632,66262,94247826,1656413125.9492188,769,1207270,AKA
513,StartSaying,Inert,1656406064.9905343,66259,94396020,1656413129.2636719,769,1208967,AKA
514,StartReading,Inert,1656406068.4541245,66218,94548766,1656413132.7636719,769,1210759,OJO
515,StartSaying,Inert,1656406071.5863578,66261,94686899,1656413135.8476562,769,1212338,OJO
516,StartReading,Inert,1656406074.9651868,66267,94835907,1656413139.2675781,770,1214089,EME
517,StartSaying,Inert,1656406078.430727,66224,94988739,1656413142.4628906,769,1215725,EME
518,StartReading,Inert,1656406081.923138,66274,95142756,1656413145.5136719,769,1217287,UKU
519,StartSaying,Inert,1656406084.9398847,66265,95275796,1656413148.9082031,769,1219025,UKU
520,StartReading,Overt,1656406092.0646365,66215,95590001,1656413154.3886719,770,1221831,USU
521,StartSaying,Overt,1656406095.0888665,66261,95723371,1656413157.4707031,769,1223409,USU
522,StartReading,Overt,1656406098.5600755,66267,95876453,1656413160.4863281,769,1224953,EME
523,StartSaying,Overt,1656406101.6114707,66265,96011021,1656413163.90625,769,1226704,EME
524,StartReading,Overt,1656406104.7524793,66272,96149541,1656413167.296875,770,1228440,ITI
525,StartSaying,Overt,1656406108.2054572,66220,96301819,1656413170.6113281,770,1230137,ITI
526,StartReading,Overt,1656406111.613651,66263,96452122,1656413173.8242188,769,1231782,INI
527,StartSaying,Overt,1656406115.076221,66226,96604823,1656413176.9355469,769,1233375,INI
528,StartReading,Overt,1656406118.317387,66218,96747760,1656413180.4394531,770,1235169,OTO
529,StartSaying,Overt,1656406121.6929057,66269,96896622,1656413183.7695312,769,1236874,OTO
530,StartReading,Overt,1656406125.0772676,66229,97045874,1656413187.2167969,769,1238639,OLO
531,StartSaying,Overt,1656406128.1299326,66229,97180498,1656413190.4902344,769,1240315,OLO
532,StartReading,Overt,1656406131.206112,66227,97316159,1656413193.8730469,769,1242047,ASA
533,StartSaying,Overt,1656406134.6511536,66272,97468087,1656413196.9570312,768,1243626,ASA
534,StartReading,Overt,1656406137.6830251,66274,97601794,1656413200.0878906,769,1245229,OKO
535,StartSaying,Overt,1656406141.018839,66222,97748905,1656413203.1289062,768,1246786,OKO
536,StartReading,Overt,1656406144.1598928,66226,97887427,1656413206.4394531,770,1248481,AJA
537,StartSaying,Overt,1656406147.5087676,66269,98035114,1656413209.828125,769,1250216,AJA
538,StartReading,Overt,1656406150.5587568,66270,98169620,1656413213.078125,769,1251880,AFA
539,StartSaying,Overt,1656406153.610084,66273,98304185,1656413216.4667969,769,1253615,AFA
540,StartReading,Inert,1656406162.9754689,66275,98717203,1656413221.9160156,769,1256405,ILI
541,StartSaying,Inert,1656406166.43466,66229,98869755,1656413225.2714844,770,1258123,ILI
542,StartReading,Inert,1656406169.5537868,66268,99007310,1656413228.5859375,769,1259820,UTU
543,StartSaying,Inert,1656406172.7604182,66269,99148724,1656413231.8378906,769,1261485,UTU
544,StartReading,Inert,1656406175.849409,66276,99284950,1656413235.328125,770,1263272,URU
545,StartSaying,Inert,1656406179.306514,66233,99437410,1656413238.7382812,770,1265018,URU
546,StartReading,Inert,1656406182.745093,66247,99589053,1656413241.8730469,769,1266623,INI
547,StartSaying,Inert,1656406186.0072343,66211,99732915,1656413245.2363281,769,1268345,INI
548,StartReading,Inert,1656406189.0418496,66210,99866743,1656413248.5898438,769,1270062,ALA
549,StartSaying,Inert,1656406192.485145,66225,100018594,1656413251.7285156,769,1271669,ALA
550,StartReading,Inert,1656406195.8603008,66267,100167440,1656413255.0800781,769,1273385,APA
551,StartSaying,Inert,1656406199.0746872,66215,100309196,1656413258.1992188,769,1274982,APA
552,StartReading,Inert,1656406202.5837646,66262,100463948,1656413261.3769531,769,1276609,ASA
553,StartSaying,Inert,1656406205.9140682,66257,100610816,1656413264.7363281,770,1278329,ASA
554,StartReading,Inert,1656406209.127661,66219,100752537,1656413268.2011719,768,1280103,OLO
555,StartSaying,Inert,1656406212.1979449,66226,100887938,1656413271.3339844,769,1281707,OLO
556,StartReading,Inert,1656406215.4199955,66231,101030032,1656413274.7109375,770,1283436,ERE
557,StartSaying,Inert,1656406218.5958111,66275,101170087,1656413278.1777344,769,1285211,ERE
558,StartReading,Inert,1656406221.8851855,66269,101315150,1656413281.6699219,769,1286999,IRI
559,StartSaying,Inert,1656406224.925787,66272,101449242,1656413284.6875,769,1288544,IRI
560,StartReading,Overt,1656406232.7926848,66276,101796176,1656413291.8125,769,1292192,IJI
561,StartSaying,Overt,1656406236.2457988,66224,101948460,1656413294.8359375,769,1293740,IJI
562,StartReading,Overt,1656406239.5798893,66277,102095495,1656413298.3066406,770,1295517,OSO
563,StartSaying,Overt,1656406242.9318707,66271,102243319,1656413301.359375,769,1297080,OSO
564,StartReading,Overt,1656406246.2110412,66220,102387932,1656413304.5,769,1298688,UMU
565,StartSaying,Overt,1656406249.3334558,66229,102525632,1656413307.953125,769,1300456,UMU
566,StartReading,Overt,1656406252.643873,66274,102671623,1656413311.3613281,770,1302201,ENE
567,StartSaying,Overt,1656406255.955855,66269,102817683,1656413314.8242188,769,1303974,ENE
568,StartReading,Overt,1656406259.3038,66220,102965329,1656413318.0644531,769,1305633,UFU
569,StartSaying,Overt,1656406262.563288,66265,103109074,1656413321.4414062,769,1307362,UFU
570,StartReading,Overt,1656406265.967151,66265,103259186,1656413324.8242188,769,1309094,ELE
571,StartSaying,Overt,1656406269.2118318,66226,103402278,1656413327.8789062,768,1310658,ELE
572,StartReading,Overt,1656406272.5441763,66268,103549236,1656413330.953125,770,1312232,UNU
573,StartSaying,Overt,1656406275.9370189,66255,103698862,1656413334.3984375,769,1313996,UNU
574,StartReading,Overt,1656406279.376165,66223,103850530,1656413337.4316406,769,1315549,APA
575,StartSaying,Overt,1656406282.4056327,66227,103984131,1656413340.765625,769,1317256,APA
576,StartReading,Overt,1656406285.6949165,66276,104129190,1656413343.9082031,769,1318865,IMI
577,StartSaying,Overt,1656406289.1126113,66215,104279912,1656413347.2558594,770,1320579,IMI
578,StartReading,Overt,1656406292.6038883,66250,104433879,1656413350.3066406,770,1322141,AKA
579,StartSaying,Overt,1656406295.6179821,66272,104566802,1656413353.3574219,770,1323703,AKA
580,StartReading,Inert,1656406301.6397529,66258,104832365,1656413362.7226562,770,1328498,ATA
581,StartSaying,Inert,1656406304.7920992,66271,104971385,1656413366.1816406,770,1330269,ATA
582,StartReading,Inert,1656406307.9039927,66270,105108621,1656413369.3027344,769,1331867,AFA
583,StartSaying,Inert,1656406311.2146592,66222,105254623,1656413372.5097656,769,1333509,AFA
584,StartReading,Inert,1656406314.6210165,66249,105404845,1656413375.5996094,769,1335091,UJU
585,StartSaying,Inert,1656406317.8549945,66269,105547465,1656413379.0546875,769,1336860,UJU
586,StartReading,Inert,1656406320.8848479,66272,105681083,1656413382.4941406,769,1338621,ORO
587,StartSaying,Inert,1656406324.1084633,66227,105823246,1656413385.7558594,769,1340291,ORO
588,StartReading,Inert,1656406327.2263656,66226,105960747,1656413388.7910156,769,1341845,ULU
589,StartSaying,Inert,1656406330.6922686,66273,106113595,1656413392.234375,769,1343608,ULU
590,StartReading,Inert,1656406333.8492863,66266,106252821,1656413395.609375,769,1345336,EPE
591,StartSaying,Inert,1656406336.8972573,66261,106387238,1656413398.8222656,769,1346981,EPE
592,StartReading,Inert,1656406340.1400335,66229,106530246,1656413402.3320312,770,1348778,ELE
593,StartSaying,Inert,1656406343.6016963,66269,106682907,1656413405.6640625,769,1350484,ELE
594,StartReading,Inert,1656406346.9695733,66265,106831432,1656413408.8769531,769,1352129,AJA
595,StartSaying,Inert,1656406350.3569736,66241,106980818,1656413411.9472656,769,1353701,AJA
596,StartReading,Inert,1656406353.540567,66275,107121216,1656413415.1699219,769,1355351,OPO
597,StartSaying,Inert,1656406356.5992634,66268,107256106,1656413418.3457031,769,1356977,OPO
598,StartReading,Inert,1656406360.0851436,66231,107409835,1656413421.6347656,769,1358661,USU
599,StartSaying,Inert,1656406363.2890313,66224,107551128,1656413424.6757812,769,1360218,USU
600,StartReading,Overt,1656406370.3393168,66233,107862049,1656413432.5429688,769,1364246,IKI
601,StartSaying,Overt,1656406373.827646,66275,108015886,1656413435.9941406,770,1366013,IKI
602,StartReading,Overt,1656406376.8964784,66278,108151223,1656413439.3300781,769,1367721,EJE
603,StartSaying,Overt,1656406380.3949208,66230,108305506,1656413442.6816406,770,1369437,EJE
604,StartReading,Overt,1656406383.4121666,66232,108438568,1656413445.9609375,769,1371116,OKO
605,StartSaying,Overt,1656406386.7522888,66277,108585869,1656413449.0820312,770,1372714,OKO
606,StartReading,Overt,1656406389.8366086,66277,108721889,1656413452.3945312,769,1374410,ETE
607,StartSaying,Overt,1656406393.03256,66229,108862832,1656413455.7070312,769,1376106,ETE
608,StartReading,Overt,1656406396.1407344,66227,108999904,1656413459.0527344,770,1377819,EME
609,StartSaying,Overt,1656406399.5246203,66245,109149135,1656413462.3144531,769,1379489,EME
610,StartReading,Overt,1656406402.952746,66270,109300317,1656413465.7167969,770,1381231,IRI
611,StartSaying,Overt,1656406405.9993112,66218,109434672,1656413468.9609375,770,1382892,IRI
612,StartReading,Overt,1656406409.3733332,66218,109583468,1656413472.2949219,769,1384599,IJI
613,StartSaying,Overt,1656406412.737718,66268,109731839,1656413475.6875,769,1386336,IJI
614,StartReading,Overt,1656406415.9064589,66263,109871582,1656413479.1269531,769,1388097,UJU
615,StartSaying,Overt,1656406419.137761,66217,110014084,1656413482.15625,769,1389648,UJU
616,StartReading,Overt,1656406422.385934,66217,110157330,1656413485.4453125,770,1391332,IPI
617,StartSaying,Overt,1656406425.7807722,66261,110307044,1656413488.8632812,769,1393082,IPI
618,StartReading,Overt,1656406429.205474,66219,110458075,1656413492.3554688,769,1394870,ISI
619,StartSaying,Overt,1656406432.3870037,66232,110598382,1656413495.3691406,769,1396413,ISI
620,StartReading,Inert,1656406438.08227,66223,110849546,1656413501.3886719,769,1399495,OJO
621,StartSaying,Inert,1656406441.2469745,66224,110989111,1656413504.5410156,769,1401109,OJO
622,StartReading,Inert,1656406444.623332,66246,111138010,1656413507.6503906,769,1402701,ANA
623,StartSaying,Inert,1656406447.7466085,66244,111275748,1656413510.9589844,769,1404395,ANA
624,StartReading,Inert,1656406451.2264795,66232,111429212,1656413514.3652344,768,1406139,OPO
625,StartSaying,Inert,1656406454.7232893,66280,111583423,1656413517.5957031,770,1407793,OPO
626,StartReading,Inert,1656406457.8727558,66258,111722316,1656413520.625,769,1409344,IKI
627,StartSaying,Inert,1656406461.0029936,66229,111860361,1656413523.8457031,769,1410993,IKI
628,StartReading,Inert,1656406464.1703286,66225,112000042,1656413526.9628906,769,1412589,AFA
629,StartSaying,Inert,1656406467.6656418,66268,112154187,1656413530.4277344,769,1414363,AFA
630,StartReading,Inert,1656406470.9768753,66258,112300214,1656413533.5820312,770,1415978,UTU
631,StartSaying,Inert,1656406474.4725058,66257,112454373,1656413536.6289062,769,1417538,UTU
632,StartReading,Inert,1656406477.7292047,66274,112597995,1656413539.8710938,768,1419198,IJI
633,StartSaying,Inert,1656406481.0145428,66217,112742880,1656413543.3320312,769,1420970,IJI
634,StartReading,Inert,1656406484.3755038,66221,112891100,1656413546.6972656,769,1422693,UNU
635,StartSaying,Inert,1656406487.7875752,66264,113041574,1656413550.0839844,769,1424427,UNU
636,StartReading,Inert,1656406491.0826185,66227,113186887,1656413553.265625,770,1426056,UKU
637,StartSaying,Inert,1656406494.4084322,66227,113333557,1656413556.3242188,769,1427622,UKU
638,StartReading,Inert,1656406497.4523444,66218,113467795,1656413559.8085938,768,1429406,ELE
639,StartSaying,Inert,1656406500.7328753,66262,113612468,1656413563.0117188,769,1431046,ELE
640,StartReading,Overt,1656406506.7814713,66268,113879214,1656413570.0585938,769,1434654,UKU
641,StartSaying,Overt,1656406510.0829542,66217,114024811,1656413573.546875,769,1436440,UKU
642,StartReading,Overt,1656406513.5271342,66279,114176701,1656413576.6152344,769,1438011,EFE
643,StartSaying,Overt,1656406516.9512236,66274,114327705,1656413580.1113281,768,1439801,EFE
644,StartReading,Overt,1656406520.153932,66229,114468946,1656413583.1269531,769,1441345,UNU
645,StartSaying,Overt,1656406523.518884,66272,114617342,1656413586.4667969,769,1443055,UNU
646,StartReading,Overt,1656406526.84531,66271,114764039,1656413589.5507812,769,1444634,OLO
647,StartSaying,Overt,1656406530.322392,66225,114917380,1656413592.7460938,768,1446270,OLO
648,StartReading,Overt,1656406533.4183898,66227,115053915,1656413595.8515625,769,1447860,UFU
649,StartSaying,Overt,1656406536.6912112,66269,115198248,1656413599.2363281,768,1449593,UFU
650,StartReading,Overt,1656406539.9954605,66271,115343967,1656413602.6621094,769,1451347,OPO
651,StartSaying,Overt,1656406543.2213209,66229,115486229,1656413605.7089844,768,1452907,OPO
652,StartReading,Overt,1656406546.5869756,66276,115634656,1656413609.0800781,769,1454633,ENE
653,StartSaying,Overt,1656406549.954059,66275,115783146,1656413612.4453125,769,1456356,ENE
654,StartReading,Overt,1656406553.031236,66227,115918851,1656413615.6132812,769,1457978,AKA
655,StartSaying,Overt,1656406556.1908612,66224,116058192,1656413618.84375,768,1459632,AKA
656,StartReading,Overt,1656406559.4761312,66225,116203074,1656413622.0898438,769,1461294,EKE
657,StartSaying,Overt,1656406562.9750953,66275,116357380,1656413625.484375,769,1463032,EKE
658,StartReading,Overt,1656406566.2225199,66226,116500593,1656413628.9082031,769,1464785,ORO
659,StartSaying,Overt,1656406569.4552736,66228,116643159,1656413632.0878906,769,1466413,ORO
660,StartReading,Inert,1656406575.1427848,66224,116893981,1656413637.7832031,769,1469329,ESE
661,StartSaying,Inert,1656406578.2213905,66226,117029749,1656413640.9472656,769,1470949,ESE
662,StartReading,Inert,1656406581.3824217,66233,117169152,1656413644.3222656,769,1472677,ORO
663,StartSaying,Inert,1656406584.5039973,66272,117306815,1656413647.4453125,769,1474276,ORO
664,StartReading,Inert,1656406587.7735534,66272,117451004,1656413650.9238281,769,1476057,EKE
665,StartSaying,Inert,1656406591.2546263,66225,117604521,1656413654.421875,769,1477848,EKE
666,StartReading,Inert,1656406594.3434587,66227,117740740,1656413657.5703125,769,1479460,ERE
667,StartSaying,Inert,1656406597.3529494,66225,117873460,1656413660.6992188,769,1481062,ERE
668,StartReading,Inert,1656406600.6025736,66272,118016770,1656413663.8652344,769,1482683,ATA
669,StartSaying,Inert,1656406603.858479,66270,118160357,1656413667.359375,770,1484472,ATA
670,StartReading,Inert,1656406607.2959015,66223,118311949,1656413670.671875,769,1486168,EFE
671,StartSaying,Inert,1656406610.5116713,66247,118453766,1656413674.1660156,769,1487957,EFE
672,StartReading,Inert,1656406613.575175,66277,118588868,1656413677.421875,769,1489624,EPE
673,StartSaying,Inert,1656406616.7059572,66274,118726937,1656413680.7070312,769,1491306,EPE
674,StartReading,Inert,1656406619.9242666,66259,118868866,1656413684.0683594,768,1493027,INI
675,StartSaying,Inert,1656406623.3280613,66227,119018975,1656413687.4785156,769,1494773,INI
676,StartReading,Inert,1656406626.6033995,66272,119163419,1656413690.7734375,769,1496460,ALA
677,StartSaying,Inert,1656406629.6599648,66274,119298215,1656413694.0996094,768,1498163,ALA
678,StartReading,Inert,1656406632.9821959,66273,119444727,1656413697.1425781,769,1499721,UMU
679,StartSaying,Inert,1656406636.0979893,66225,119582135,1656413700.421875,769,1501400,UMU
680,StartReading,Overt,1656406672.796249,66278,121200546,1656413706.4707031,769,1504497,ULU
681,StartSaying,Overt,1656406676.2264154,66224,121351818,1656413709.7714844,768,1506187,ULU
682,StartReading,Overt,1656406679.5125473,66263,121496738,1656413713.2148438,769,1507950,UTU
683,StartSaying,Overt,1656406682.6178646,66270,121633684,1656413716.6386719,769,1509703,UTU
684,StartReading,Overt,1656406685.7398484,66273,121771365,1656413719.8398438,769,1511342,URU
685,StartSaying,Overt,1656406688.9866836,66275,121914552,1656413723.2050781,769,1513065,URU
686,StartReading,Overt,1656406692.34964,66227,122062860,1656413726.53125,769,1514768,ONO
687,StartSaying,Overt,1656406695.8035476,66271,122215179,1656413730.0078125,769,1516548,ONO
688,StartReading,Overt,1656406698.9873903,66272,122355588,1656413733.1035156,768,1518133,ELE
689,StartSaying,Overt,1656406702.1321404,66227,122494273,1656413736.375,770,1519808,ELE
690,StartReading,Overt,1656406705.5886557,66269,122646707,1656413739.6796875,769,1521500,ILI
691,StartSaying,Overt,1656406709.0216339,66221,122798103,1656413742.9042969,770,1523151,ILI
692,StartReading,Overt,1656406712.2636166,66216,122941076,1656413746.2695312,769,1524874,OSO
693,StartSaying,Overt,1656406715.4228563,66227,123080400,1656413749.6367188,769,1526598,OSO
694,StartReading,Overt,1656406718.5860868,66273,123219900,1656413752.7148438,768,1528174,ESE
695,StartSaying,Overt,1656406721.6768239,66274,123356203,1656413755.8730469,769,1529791,ESE
696,StartReading,Overt,1656406724.8852015,66274,123497694,1656413759.1582031,769,1531473,UMU
697,StartSaying,Overt,1656406728.0788398,66222,123638535,1656413762.65625,769,1533264,UMU
698,StartReading,Overt,1656406731.3189857,66227,123781427,1656413765.9042969,768,1534927,USU
699,StartSaying,Overt,1656406734.509631,66270,123922136,1656413769.1367188,769,1536582,USU
700,StartReading,Inert,1656406739.7240636,66265,124152095,1656413774.8222656,769,1539493,OTO
701,StartSaying,Inert,1656406743.000717,66229,124296597,1656413777.9003906,769,1541069,OTO
702,StartReading,Inert,1656406746.51281,66271,124451482,1656413781.0625,769,1542688,OFO
703,StartSaying,Inert,1656406749.6624126,66263,124590381,1656413784.1835938,769,1544286,OFO
704,StartReading,Inert,1656406752.7093635,66276,124724753,1656413787.4511719,770,1545959,ARA
705,StartSaying,Inert,1656406756.1061969,66228,124874555,1656413790.9335938,769,1547742,ARA
706,StartReading,Inert,1656406759.347227,66228,125017486,1656413794.0214844,769,1549323,ASA
707,StartSaying,Inert,1656406762.6831543,66267,125164602,1656413797.03125,769,1550864,ASA
708,StartReading,Inert,1656406765.9175406,66270,125307240,1656413800.2792969,770,1552527,ISI
709,StartSaying,Inert,1656406768.9737427,66264,125442020,1656413803.5351562,769,1554194,ISI
710,StartReading,Inert,1656406772.1525288,66224,125582206,1656413806.9726562,769,1555954,URU
711,StartSaying,Inert,1656406775.3981848,66231,125725341,1656413810.1875,769,1557600,URU
712,StartReading,Inert,1656406778.5164273,66247,125862857,1656413813.2519531,769,1559169,ILI
713,StartSaying,Inert,1656406781.6704063,66277,126001949,1656413816.3828125,769,1560772,ILI
714,StartReading,Inert,1656406784.8878994,66271,126143842,1656413819.5996094,769,1562419,EME
715,StartSaying,Inert,1656406788.2177494,66229,126290690,1656413823.0019531,769,1564161,EME
716,StartReading,Inert,1656406791.5162168,66235,126436154,1656413826.2792969,769,1565839,ONO
717,StartSaying,Inert,1656406794.8773136,66274,126584380,1656413829.3339844,770,1567403,ONO
718,StartReading,Inert,1656406797.988572,66270,126721588,1656413832.6582031,769,1569105,EJE
719,StartSaying,Inert,1656406801.4236138,66231,126873075,1656413835.7734375,768,1570700,EJE
720,StartReading,Overt,1656406810.2132905,66220,127260704,1656413872.4667969,770,1589487,AMA
721,StartSaying,Overt,1656406813.6089902,66274,127410456,1656413875.8984375,769,1591244,AMA
722,StartReading,Overt,1656406816.9019473,66269,127555677,1656413879.1835938,769,1592926,IFI
723,StartSaying,Overt,1656406820.1266966,66231,127697890,1656413882.2890625,769,1594516,IFI
724,StartReading,Overt,1656406823.4861608,66230,127846044,1656413885.4101562,769,1596114,AJA
725,StartSaying,Overt,1656406826.6020224,66280,127983455,1656413888.65625,770,1597776,AJA
726,StartReading,Overt,1656406829.7342782,66270,128121589,1656413892.0195312,769,1599498,ANA
727,StartSaying,Overt,1656406833.1390254,66223,128271740,1656413895.4726562,770,1601266,ANA
728,StartReading,Overt,1656406836.6244295,66266,128425448,1656413898.6582031,769,1602897,AFA
729,StartSaying,Overt,1656406839.6968675,66263,128560944,1656413901.8007812,769,1604506,AFA
730,StartReading,Overt,1656406842.8479211,66245,128699907,1656413905.2578125,769,1606276,ATA
731,StartSaying,Overt,1656406846.1080668,66219,128843681,1656413908.6914062,769,1608034,ATA
732,StartReading,Overt,1656406849.49032,66227,128992840,1656413911.9316406,769,1609693,OTO
733,StartSaying,Overt,1656406852.5408762,66264,129127371,1656413915.0917969,769,1611311,OTO
734,StartReading,Overt,1656406855.6368966,66271,129263907,1656413918.2539062,770,1612930,OJO
735,StartSaying,Overt,1656406859.1116657,66225,129417146,1656413921.3457031,769,1614513,OJO
736,StartReading,Overt,1656406862.2762341,66225,129556705,1656413924.5527344,770,1616155,EPE
737,StartSaying,Overt,1656406865.6720474,66266,129706462,1656413927.7460938,769,1617790,EPE
738,StartReading,Overt,1656406868.7379093,66273,129841668,1656413930.9863281,769,1619449,INI
739,StartSaying,Overt,1656406871.7489195,66258,129974455,1656413934.1777344,769,1621083,INI
740,StartReading,Inert,1656406878.8730364,66268,130288632,1656413939.390625,769,1623752,USU
741,StartSaying,Inert,1656406882.1526375,66223,130433264,1656413942.6679688,769,1625430,USU
742,StartReading,Inert,1656406885.2391796,66228,130569382,1656413946.1796875,769,1627228,AJA
743,StartSaying,Inert,1656406888.5860817,66267,130716982,1656413949.328125,769,1628840,AJA
744,StartReading,Inert,1656406891.9784255,66273,130866586,1656413952.375,770,1630400,IRI
745,StartSaying,Inert,1656406895.3585699,66228,131015652,1656413955.7714844,769,1632139,IRI
746,StartReading,Inert,1656406898.485769,66230,131153563,1656413959.0136719,768,1633799,OLO
747,StartSaying,Inert,1656406901.4973915,66228,131286377,1656413962.3476562,770,1635506,OLO
748,StartReading,Inert,1656406904.6055884,66267,131423450,1656413965.5820312,770,1637162,IPI
749,StartSaying,Inert,1656406907.8121748,66258,131564862,1656413968.6386719,770,1638727,IPI
750,StartReading,Inert,1656406910.9539998,66269,131703418,1656413971.8183594,768,1640355,ITI
751,StartSaying,Inert,1656406914.3177724,66223,131851762,1656413975.0644531,768,1642017,ITI
752,StartReading,Inert,1656406917.5409796,66266,131993907,1656413978.1816406,769,1643613,OMO
753,StartSaying,Inert,1656406920.7074528,66271,132133550,1656413981.3359375,769,1645228,OMO
754,StartReading,Inert,1656406923.7803895,66273,132269068,1656413984.5527344,769,1646875,OSO
755,StartSaying,Inert,1656406926.908065,66267,132407000,1656413987.8808594,769,1648579,OSO
756,StartReading,Inert,1656406930.3928113,66207,132560679,1656413991.1796875,769,1650268,AMA
757,StartSaying,Inert,1656406933.860347,66273,132713599,1656413994.5410156,769,1651989,AMA
758,StartReading,Inert,1656406937.2686317,66223,132863906,1656413997.6523438,769,1653582,ETE
759,StartSaying,Inert,1656406940.553244,66265,133008759,1656414001.0859375,769,1655340,ETE
760,StartReading,Overt,1656406946.2896893,66222,133261739,1656414009.8769531,769,1659841,APA
761,StartSaying,Overt,1656406949.3081367,66217,133394854,1656414013.2714844,769,1661579,APA
762,StartReading,Overt,1656406952.346607,66221,133528852,1656414016.5644531,769,1663265,UPU
763,StartSaying,Overt,1656406955.4850304,66222,133667258,1656414019.7890625,768,1664916,UPU
764,StartReading,Overt,1656406958.8091438,66269,133813853,1656414023.1464844,769,1666635,IMI
765,StartSaying,Overt,1656406962.2189476,66221,133964227,1656414026.2636719,769,1668231,IMI
766,StartReading,Overt,1656406965.5087755,66254,134109310,1656414029.3945312,769,1669834,OFO
767,StartSaying,Overt,1656406968.8860626,66262,134258250,1656414032.8007812,768,1671578,OFO
768,StartReading,Overt,1656406971.9055533,66263,134391411,1656414036.2851562,769,1673362,ALA
769,StartSaying,Overt,1656406975.0346801,66219,134529407,1656414039.3574219,769,1674935,ALA
770,StartReading,Overt,1656406978.255597,66220,134671451,1656414042.5078125,769,1676548,ITI
771,StartSaying,Overt,1656406981.3200533,66231,134806595,1656414045.7675781,769,1678217,ITI
772,StartReading,Overt,1656406984.7165694,66243,134956383,1656414049.1503906,768,1679949,ASA
773,StartSaying,Overt,1656406987.9497085,66273,135098966,1656414052.1992188,769,1681510,ASA
774,StartReading,Overt,1656406991.1427119,66225,135239779,1656414055.2949219,770,1683095,ERE
775,StartSaying,Overt,1656406994.559704,66260,135390470,1656414058.7695312,769,1684874,ERE
776,StartReading,Overt,1656406998.049915,66230,135544390,1656414061.9335938,769,1686494,ARA
777,StartSaying,Overt,1656407001.161627,66225,135681618,1656414065.3300781,769,1688233,ARA
778,StartReading,Overt,1656407004.324835,66210,135821117,1656414068.3945312,769,1689802,OMO
779,StartSaying,Overt,1656407007.5091085,66268,135961545,1656414071.4042969,770,1691343,OMO
780,StartReading,Inert,1656407017.027394,66262,136381306,1656414078.5292969,769,1694991,UPU
781,StartSaying,Inert,1656407020.0937777,66224,136516535,1656414081.8085938,768,1696670,UPU
782,StartReading,Inert,1656407023.5011325,66278,136666801,1656414084.8945312,769,1698250,IMI
783,StartSaying,Inert,1656407026.968192,66263,136819700,1656414088.2421875,769,1699964,IMI
784,StartReading,Inert,1656407030.2232358,66224,136963249,1656414091.6328125,770,1701700,AKA
785,StartSaying,Inert,1656407033.6384816,66261,137113863,1656414095.0136719,768,1703431,AKA
786,StartReading,Inert,1656407036.8502152,66255,137255502,1656414098.1386719,770,1705031,ENE
787,StartSaying,Inert,1656407040.220541,66242,137404135,1656414101.1503906,769,1706573,ENE
788,StartReading,Inert,1656407043.518532,66264,137549578,1656414104.2597656,769,1708165,ULU
789,StartSaying,Inert,1656407046.7083611,66246,137690251,1656414107.4648438,769,1709806,ULU
790,StartReading,Inert,1656407049.7762413,66256,137825546,1656414110.6074219,769,1711415,OKO
791,StartSaying,Inert,1656407052.9121933,66257,137963843,1656414113.9707031,769,1713137,OKO
792,StartReading,Inert,1656407056.0968976,66259,138104290,1656414117.1933594,769,1714787,APA
793,StartSaying,Inert,1656407059.4764977,66249,138253332,1656414120.359375,770,1716408,APA
794,StartReading,Inert,1656407062.9911983,66257,138408332,1656414123.4316406,770,1717981,IFI
795,StartSaying,Inert,1656407066.2214124,66216,138550786,1656414126.5585938,770,1719582,IFI
796,StartReading,Inert,1656407069.4380665,66220,138692642,1656414130.0449219,768,1721367,UJU
797,StartSaying,Inert,1656407072.4781463,66218,138826711,1656414133.5117188,769,1723142,UJU
798,StartReading,Inert,1656407075.6490188,66256,138966548,1656414136.9199219,769,1724887,UFU
799,StartSaying,Inert,1656407079.125375,66223,139119857,1656414140.203125,770,1726568,UFU
