onset	duration	trial_type	block	audioOnset	audioDuration	audioOnsetIndex	eegOnsetIndex	word
11.021484375	1.501953125	StartReading	Overt	38.98628441742521	1.5030447391279487	1719314	5643	UKU
14.076171875	1.501953125	StartSaying	Overt	42.27831180260429	1.502523202898033	1864494	7207	UKU
17.173828125	1.501953125	StartReading	Overt	45.794486389205716	1.5016615343442599	2019559	8793	IFI
20.318359375	1.50390625	StartSaying	Overt	49.243337451171534	1.502613904851062	2171655	10403	IFI
23.806640625	1.501953125	StartReading	Overt	52.7352265898495	1.5016615343442599	2325649	12189	AFA
26.84375	1.50390625	StartSaying	Overt	55.79768733191278	1.5022284215506898	2460705	13744	AFA
30.203125	1.501953125	StartReading	Overt	58.98660927198642	1.502500527409776	2601338	15464	UMU
33.44921875	1.50390625	StartSaying	Overt	62.05607673992117	1.502613904851062	2736703	17126	UMU
36.771484375	1.501953125	StartReading	Overt	65.29551966783183	1.5027046068040908	2879564	18827	OFO
39.98828125	1.501953125	StartSaying	Overt	68.36124568020414	1.5022510970389469	3014764	20474	OFO
43.263671875	1.5	StartReading	Overt	71.85542504319608	1.5016388588560028	3168859	22151	OTO
46.5	1.5	StartSaying	Overt	75.30792685877131	1.5027272822923479	3321116	23808	OTO
49.771484375	1.5	StartReading	Overt	78.59319694844974	1.5015935078794884	3465998	25483	APA
53.107421875	1.501953125	StartSaying	Overt	81.88273002992054	1.5016842098325172	3611068	27191	APA
56.322265625	1.501953125	StartReading	Overt	85.22600401856089	1.5027046068040908	3758508	28837	URU
59.458984375	1.501953125	StartSaying	Overt	88.29846465094558	1.5025685538745477	3894005	30443	URU
62.529296875	1.5	StartReading	Overt	91.50450658465338	1.5015254814147168	4035393	32015	ANA
65.66015625	1.501953125	StartSaying	Overt	94.63175119666747	1.5017068853207742	4173306	33618	ANA
69.111328125	1.5	StartReading	Overt	98.09493316721183	1.5027272822923479	4326034	35385	ETE
72.2734375	1.50390625	StartSaying	Overt	101.12945770774225	1.5026819313158335	4459858	37004	ETE
93.681640625	1.50390625	StartReading	Inert	107.58194929523219	1.5015935078794884	4744416	47965	IRI
97.07421875	1.5	StartSaying	Inert	110.70629144474934	1.502024342156375	4882201	49702	IRI
100.142578125	1.5	StartReading	Inert	114.06233173327847	1.5027272822923479	5030204	51273	OTO
103.640625	1.501953125	StartSaying	Inert	117.4227710665295	1.502613904851062	5178401	53064	OTO
106.810546875	1.501953125	StartReading	Inert	120.76391355927366	1.501548156902974	5325747	54687	IPI
110.072265625	1.501953125	StartSaying	Inert	124.1012012190141	1.5021830705741754	5472923	56357	IPI
113.138671875	1.50390625	StartReading	Inert	127.440733752092	1.5025458783862904	5620198	57927	EKE
116.298828125	1.501953125	StartSaying	Inert	130.80926823465086	1.5014121039734307	5768752	59545	EKE
119.486328125	1.501953125	StartReading	Inert	133.90689865900103	1.5015708323912311	5905359	61177	IMI
122.654296875	1.50390625	StartSaying	Inert	137.32733733418058	1.5025912293628048	6056202	62799	IMI
126.12109375	1.501953125	StartReading	Inert	140.64036222148584	1.5017295608090315	6202308	64574	UJU
129.564453125	1.501953125	StartSaying	Inert	143.65441079612	1.5020016666681177	6335229	66337	UJU
133.076171875	1.501953125	StartReading	Inert	146.66907160893712	1.501548156902974	6468177	68135	AKA
136.08203125	1.50390625	StartSaying	Inert	149.79740464438754	1.501548156902974	6606138	69674	AKA
140.001953125	1.501953125	StartReading	Inert	153.24977040703322	1.5021603950859181	6758389	71681	AJA
143.037109375	1.501953125	StartSaying	Inert	156.59268158786145	1.5016161833677455	6905813	73235	AJA
146.443359375	1.501953125	StartReading	Inert	159.90854091119886	1.5016842098325172	7052044	74979	ASA
149.474609375	1.50390625	StartSaying	Inert	163.14782511069168	1.5025458783862904	7194898	76531	ASA
152.669921875	1.50390625	StartReading	Inert	166.20634031779824	1.5020696931328894	7329780	78167	EPE
155.96484375	1.501953125	StartSaying	Inert	169.56526039333602	1.5022284215506898	7477910	79854	EPE
395.294921875	1.505859375	StartReading	Overt	175.16522164882034	1.5027726332688622	7724871	202391	OMO
398.58984375	1.501953125	StartSaying	Overt	178.55114823087246	1.5015935078794884	7874192	204078	OMO
402.10546875	1.501953125	StartReading	Overt	181.59292892764515	1.5018202627620603	8008336	205878	IJI
405.5546875	1.50390625	StartSaying	Overt	185.0339796216505	1.5027953087571195	8160088	207644	IJI
409.046875	1.50390625	StartReading	Overt	188.20709674640887	1.5026592558275764	8300024	209432	ENE
412.111328125	1.501953125	StartSaying	Overt	191.65857816501253	1.5018656137385746	8452236	211001	ENE
415.30078125	1.501953125	StartReading	Overt	195.08600089057532	1.5025458783862904	8603387	212634	ULU
418.37109375	1.501953125	StartSaying	Overt	198.20236126822593	1.5022057460624325	8740820	214206	ULU
421.611328125	1.501953125	StartReading	Overt	201.25414185532006	1.502523202898033	8875405	215865	ARA
424.67578125	1.50390625	StartSaying	Overt	204.30850744807552	1.5027499577806052	9010104	217434	ARA
428.16796875	1.5	StartReading	Overt	207.61538727806308	1.5017068853207742	9155939	219222	EFE
431.6171875	1.501953125	StartSaying	Overt	210.88580492293306	1.5021377195976608	9300166	220988	EFE
434.8984375	1.5	StartReading	Overt	214.19182308436683	1.5025685538745477	9445963	222668	ITI
438.185546875	1.5	StartSaying	Overt	217.438363440102	1.5025458783862904	9589137	224351	ITI
441.525390625	1.5	StartReading	Overt	220.87229403079456	1.5015935078794884	9740575	226061	OSO
444.59375	1.501953125	StartSaying	Overt	223.9496072176663	1.5023417989919756	9876286	227632	OSO
447.796875	1.501953125	StartReading	Overt	227.31596485335245	1.5026365803393191	10024744	229272	UTU
450.923828125	1.498046875	StartSaying	Overt	230.5743871649344	1.5022964480154612	10168442	230873	UTU
454.3828125	1.501953125	StartReading	Overt	233.60394577353648	1.5016842098325172	10302047	232644	ERE
457.4140625	1.501953125	StartSaying	Overt	236.6090602057973	1.501434779461688	10434574	234196	ERE
463.86328125	1.501953125	StartReading	Inert	243.81138483897607	1.5016161833677455	10752200	237498	APA
466.986328125	1.5	StartSaying	Inert	246.85552378652753	1.5014121039734307	10886448	239097	APA
470.33984375	1.501953125	StartReading	Inert	250.15850343253484	1.5029086861984056	11032111	240814	EME
473.69921875	1.501953125	StartSaying	Inert	253.65771675391989	1.501457454949945	11186428	242534	EME
477.037109375	1.501953125	StartReading	Inert	256.8124213822134	1.5016388588560028	11325552	244243	ARA
480.373046875	1.501953125	StartSaying	Inert	260.1458768844384	1.5027272822923479	11472559	245951	ARA
483.7109375	1.501953125	StartReading	Inert	263.4892188995435	1.5017295608090315	11620002	247660	AFA
487.078125	1.501953125	StartSaying	Inert	266.8711772711506	1.5016842098325172	11769148	249384	AFA
490.173828125	1.501953125	StartReading	Inert	270.2434985602484	1.5027953087571195	11917869	250969	ITI
493.59375	1.501953125	StartSaying	Inert	273.306866321842	1.5025685538745477	12052965	252720	ITI
496.90625	1.5	StartReading	Inert	276.3497581175393	1.5022057460624325	12187158	254416	AMA
499.91796875	1.501953125	StartSaying	Inert	279.781058351594	1.5016842098325172	12338480	255958	AMA
502.931640625	1.501953125	StartReading	Inert	282.7986443023963	1.5014121039734307	12471557	257501	OLO
506.060546875	1.5	StartSaying	Inert	286.0634611016668	1.5029993881514343	12615537	259103	OLO
509.51171875	1.501953125	StartReading	Inert	289.13159071579435	1.5026819313158335	12750843	260870	UTU
512.8515625	1.501953125	StartSaying	Inert	292.5915527670062	1.5017522362972886	12903429	262580	UTU
516.16796875	1.5	StartReading	Inert	295.87661877729033	1.5014801304382024	13048302	264278	ESE
519.40625	1.501953125	StartSaying	Inert	299.06776291521317	1.5022284215506898	13189033	265936	ESE
522.46484375	1.501953125	StartReading	Inert	302.5766359945958	1.501774911785546	13343776	267502	IFI
525.822265625	1.501953125	StartSaying	Inert	305.9603403787987	1.501548156902974	13492999	269221	IFI
531.421875	1.501953125	StartReading	Overt	311.6714568777198	1.5017068853207742	13744862	272088	EPE
534.806640625	1.501953125	StartSaying	Overt	315.11232616781905	1.5027953087571195	13896606	273821	EPE
537.84765625	1.501953125	StartReading	Overt	318.4827880668798	1.5026592558275764	14045245	275378	USU
541.2890625	1.501953125	StartSaying	Overt	321.7333193085482	1.5015708323912311	14188595	277140	USU
544.4609375	1.501953125	StartReading	Overt	324.7882971394866	1.5016388588560028	14323321	278764	ATA
547.912109375	1.501953125	StartSaying	Overt	328.18408755893057	1.502863335221891	14473077	280531	ATA
551.337890625	1.501953125	StartReading	Overt	331.6184716593883	1.5016161833677455	14624535	282285	IRI
554.455078125	1.501953125	StartSaying	Overt	334.72805206605005	1.5015935078794884	14761669	283881	IRI
557.505859375	1.501953125	StartReading	Overt	337.8527570233793	1.5016161833677455	14899470	285443	IKI
560.55859375	1.50390625	StartSaying	Overt	341.25800312142655	1.5025912293628048	15049643	287006	IKI
563.8671875	1.5	StartReading	Overt	344.74209189214406	1.5023417989919756	15203293	288700	EME
567.13671875	1.501953125	StartSaying	Overt	347.93319067909033	1.5016388588560028	15344022	290374	EME
570.443359375	1.501953125	StartReading	Overt	351.2646280628604	1.5024778519215187	15490940	292067	INI
573.6875	1.50390625	StartSaying	Overt	354.63806045088285	1.5017068853207742	15639710	293728	INI
577.123046875	1.5	StartReading	Overt	358.0160052610684	1.5024778519215187	15788679	295487	OPO
580.201171875	1.5	StartSaying	Overt	361.41560516253963	1.502500527409776	15938603	297063	OPO
583.564453125	1.50390625	StartReading	Overt	364.63132952973325	1.5016388588560028	16080418	298785	AMA
586.82421875	1.501953125	StartSaying	Overt	367.85362978852146	1.5023417989919756	16222523	300454	AMA
589.853515625	1.5	StartReading	Overt	371.0392411073096	1.5025458783862904	16363010	302005	AJA
592.857421875	1.501953125	StartSaying	Overt	374.53879456101845	1.5015935078794884	16517342	303543	AJA
600.060546875	1.501953125	StartReading	Inert	401.50688879822604	1.501434779461688	17706648	307231	UPU
603.103515625	1.501953125	StartSaying	Inert	404.5338624011668	1.5015028059264597	17840139	308789	UPU
606.408203125	1.501953125	StartReading	Inert	407.8922836159629	1.5016161833677455	17988247	310481	OFO
609.90625	1.501953125	StartSaying	Inert	411.29430979467764	1.502364474480233	18138278	312272	OFO
613.060546875	1.501953125	StartReading	Inert	414.406588584442	1.5024551764332617	18275531	313887	OJO
616.39453125	1.501953125	StartSaying	Inert	417.8088415180393	1.5013440775086593	18425572	315594	OJO
619.73828125	1.5	StartReading	Inert	421.3066943101289	1.502523202898033	18579829	317306	ELE
623.119140625	1.501953125	StartSaying	Inert	424.7368380942825	1.5013667529969164	18731100	319037	ELE
626.4921875	1.501953125	StartReading	Inert	428.0854408226633	1.502500527409776	18878775	320764	UMU
629.5546875	1.501953125	StartSaying	Inert	431.224816820895	1.502500527409776	19017223	322332	UMU
632.59765625	1.501953125	StartReading	Inert	434.48829576635825	1.5018656137385746	19161144	323890	ONO
636.029296875	1.501953125	StartSaying	Inert	437.6943150245778	1.5022510970389469	19302531	325647	ONO
639.046875	1.501953125	StartReading	Inert	440.95010697952193	1.502523202898033	19446113	327192	OPO
642.3125	1.501953125	StartSaying	Inert	443.9695523203613	1.501548156902974	19579272	328864	OPO
645.37890625	1.50390625	StartReading	Inert	447.1315357803854	1.5028179842453766	19718717	330434	EFE
648.83984375	1.501953125	StartSaying	Inert	450.46653321581186	1.5028179842453766	19865792	332206	EFE
652.125	1.501953125	StartReading	Inert	453.6238001742785	1.5017068853207742	20005029	333888	UKU
655.31640625	1.501953125	StartSaying	Inert	456.77945717307875	1.501888289226832	20144195	335522	UKU
658.82421875	1.501953125	StartReading	Inert	460.23715167546493	1.5027953087571195	20296681	337318	ENE
662.208984375	1.5	StartSaying	Inert	463.5360497335859	1.5017295608090315	20442164	339051	ENE
667.919921875	1.501953125	StartReading	Overt	469.03852906505256	1.5027726332688622	20684826	341975	UJU
671.359375	1.50390625	StartSaying	Overt	472.2137323347306	1.5023417989919756	20824854	343736	UJU
674.732421875	1.501953125	StartReading	Overt	475.6836262497991	1.5017522362972886	20977878	345463	ASA
677.982421875	1.501953125	StartSaying	Overt	478.7652251039514	1.5016615343442599	21113778	347127	ASA
681.037109375	1.501953125	StartReading	Overt	482.179496046325	1.5027726332688622	21264349	348691	OLO
684.431640625	1.50390625	StartSaying	Overt	485.35785120887084	1.5027953087571195	21404516	350429	OLO
687.865234375	1.5	StartReading	Overt	488.60622827915483	1.5022510970389469	21547771	352187	ORO
690.974609375	1.501953125	StartSaying	Overt	491.7341078048401	1.5012080245791162	21685712	353779	ORO
694.099609375	1.5	StartReading	Overt	494.9221680763599	1.502364474480233	21826307	355379	OKO
697.501953125	1.501953125	StartSaying	Overt	497.96431158094475	1.501797587273803	21960467	357121	OKO
700.986328125	1.501953125	StartReading	Overt	500.9793125260857	1.5017522362972886	22093430	358905	UFU
704.17578125	1.501953125	StartSaying	Overt	504.3142646105357	1.5027953087571195	22240503	360538	UFU
707.5078125	1.501953125	StartReading	Overt	507.3582901806459	1.5024098254567473	22374746	362244	EKE
710.87890625	1.501953125	StartSaying	Overt	510.787504269781	1.501797587273803	22525976	363970	EKE
714.2578125	1.501953125	StartReading	Overt	513.877629107518	1.5015935078794884	22662252	365700	ONO
717.65625	1.501953125	StartSaying	Overt	517.0111321542911	1.5028179842453766	22800441	367440	ONO
720.87109375	1.501953125	StartReading	Overt	520.0552937773308	1.5028179842453766	22934690	369086	ESE
724.09375	1.501953125	StartSaying	Overt	523.4473880921888	1.5026819313158335	23084283	370736	ESE
727.27734375	1.501953125	StartReading	Overt	526.768870936614	1.5017522362972886	23230762	372366	ALA
730.77734375	1.501953125	StartSaying	Overt	530.115727652399	1.5028179842453766	23378360	374158	ALA
757.740234375	1.501953125	StartReading	Inert	539.0783277634953	1.5020696931328894	23773615	387963	ETE
760.767578125	1.5	StartSaying	Inert	542.238066350182	1.502613904851062	23912961	389513	ETE
764.125	1.501953125	StartReading	Inert	545.2736793141487	1.502613904851062	24046833	391232	ANA
767.52734375	1.501953125	StartSaying	Inert	548.6521910115407	1.5015028059264597	24195827	392974	ANA
770.638671875	1.501953125	StartReading	Inert	551.7686194156561	1.501774911785546	24333263	394567	ILI
774.0390625	1.501953125	StartSaying	Inert	554.9459541812303	1.501797587273803	24473385	396308	ILI
777.5390625	1.5	StartReading	Inert	558.0516797548883	1.5027046068040908	24610349	398100	ATA
780.966796875	1.501953125	StartSaying	Inert	561.2288557920447	1.502500527409776	24750464	399855	ATA
784.314453125	1.50390625	StartReading	Inert	564.4712011824523	1.5025912293628048	24893453	401569	ALA
787.455078125	1.501953125	StartSaying	Inert	567.5586276370867	1.5017068853207742	25029610	403177	ALA
790.71875	1.5	StartReading	Inert	571.0618545198932	1.5026365803393191	25184104	404848	EJE
793.923828125	1.501953125	StartSaying	Inert	574.4503207566302	1.5021377195976608	25333537	406489	EJE
797.1796875	1.501953125	StartReading	Inert	577.6327575070623	1.5016161833677455	25473884	408156	IJI
800.19921875	1.501953125	StartSaying	Inert	581.1226058517971	1.5027499577806052	25627788	409702	IJI
803.359375	1.501953125	StartReading	Inert	584.1525726191878	1.5027726332688622	25761411	411320	ISI
806.693359375	1.50390625	StartSaying	Inert	587.491424887618	1.5017522362972886	25908656	413027	ISI
809.8515625	1.501953125	StartReading	Inert	590.7067184205348	1.501797587273803	26050452	414644	OSO
813.0078125	1.5	StartSaying	Inert	593.9466148582105	1.5018202627620603	26193333	416260	OSO
816.46484375	1.501953125	StartReading	Inert	597.0037015095569	1.5025912293628048	26328152	418030	ULU
819.763671875	1.5	StartSaying	Inert	600.2703776988644	1.5027272822923479	26472214	419719	ULU
825.265625	1.501953125	StartReading	Overt	605.7985483585264	1.501457454949945	26716009	422536	UPU
828.439453125	1.50390625	StartSaying	Overt	608.9849533194035	1.5025458783862904	26856531	424161	UPU
831.91015625	1.5	StartReading	Overt	612.129068494681	1.5024778519215187	26995188	425938	EJE
834.9921875	1.5	StartSaying	Overt	615.6186220580685	1.5014801304382024	27149079	427516	EJE
838.404296875	1.50390625	StartReading	Overt	618.7182932763618	1.5014801304382024	27285776	429263	AKA
841.58203125	1.50390625	StartSaying	Overt	621.8534062828011	1.5016615343442599	27424036	430890	AKA
844.830078125	1.50390625	StartReading	Overt	624.8922164906121	1.5015254814147168	27558049	432553	ISI
847.958984375	1.5	StartSaying	Overt	628.1051517727501	1.5022284215506898	27699741	434155	ISI
851.146484375	1.501953125	StartReading	Overt	631.3261141777311	1.50238714996849	27841787	435787	IMI
854.1875	1.50390625	StartSaying	Overt	634.5181880106726	1.5022737725272042	27982559	437344	IMI
857.203125	1.501953125	StartReading	Overt	637.708946665295	1.5017295608090315	28123273	438888	ILI
860.5390625	1.501953125	StartSaying	Overt	640.880703260758	1.5017068853207742	28263149	440596	ILI
863.58203125	1.501953125	StartReading	Overt	644.1778553062832	1.5027046068040908	28408555	442154	UNU
867.01171875	1.501953125	StartSaying	Overt	647.438386438273	1.5024098254567473	28552346	443910	UNU
870.099609375	1.501953125	StartReading	Overt	650.4840446435377	1.501548156902974	28686661	445491	IPI
873.234375	1.501953125	StartSaying	Overt	653.8835991940324	1.5014121039734307	28836583	447096	IPI
876.279296875	1.501953125	StartReading	Overt	657.0032475174803	1.5024551764332617	28974161	448655	ELE
879.671875	1.501953125	StartSaying	Overt	660.3023496549956	1.5022510970389469	29119653	450392	ELE
882.9921875	1.5	StartReading	Overt	663.791449708618	1.5018656137385746	29273524	452092	OJO
886.337890625	1.501953125	StartSaying	Overt	666.9572880016458	1.501797587273803	29413139	453805	OJO
895.30078125	1.501953125	StartReading	Inert	690.9957318315124	1.5027272822923479	30473246	458394	INI
898.4609375	1.501953125	StartSaying	Inert	694.3773273953075	1.5022057460624325	30622376	460012	INI
901.49609375	1.501953125	StartReading	Inert	697.768310611241	1.5017522362972886	30771920	461566	USU
904.873046875	1.501953125	StartSaying	Inert	701.2341682893997	1.502500527409776	30924766	463295	USU
907.990234375	1.501953125	StartReading	Inert	704.5410027684106	1.501797587273803	31070599	464891	OKO
911.16796875	1.5	StartSaying	Inert	707.9869740433678	1.5027046068040908	31222568	466518	OKO
914.2734375	1.501953125	StartReading	Inert	711.3566423003396	1.5026365803393191	31371172	468108	ORO
917.451171875	1.501953125	StartSaying	Inert	714.5930920638002	1.5016615343442599	31513901	469735	ORO
920.693359375	1.501953125	StartReading	Inert	718.0389046103396	1.5027272822923479	31665863	471395	UFU
923.779296875	1.501953125	StartSaying	Inert	721.3069640044308	1.5027272822923479	31809986	472975	UFU
927.283203125	1.501953125	StartReading	Inert	724.5280851378296	1.5016161833677455	31952039	474769	ERE
930.671875	1.501953125	StartSaying	Inert	727.6743318090033	1.5016615343442599	32090790	476504	ERE
933.853515625	1.501953125	StartReading	Inert	731.1205978653078	1.502840659733634	32242772	478133	UNU
937.34375	1.501953125	StartSaying	Inert	734.3013112786323	1.5021150441094038	32383043	479920	UNU
940.373046875	1.501953125	StartReading	Inert	737.4809135930323	1.5024325009450044	32523265	481471	OMO
943.712890625	1.501953125	StartSaying	Inert	740.9484946082985	1.5016615343442599	32676187	483181	OMO
946.927734375	1.501953125	StartReading	Inert	744.4017900659627	1.5020923686211465	32828479	484827	IKI
950.166015625	1.501953125	StartSaying	Inert	747.458695313403	1.5026592558275764	32963290	486485	IKI
953.22265625	1.50390625	StartReading	Inert	750.6576624947745	1.50238714996849	33104366	488050	URU
956.490234375	1.501953125	StartSaying	Inert	754.0472398304361	1.5024778519215187	33253848	489723	URU
962.01953125	1.5	StartReading	Overt	759.8809173433873	1.5016842098325172	33511116	492554	ASA
965.205078125	1.501953125	StartSaying	Overt	763.0063705918291	1.5027953087571195	33648950	494185	ASA
968.349609375	1.501953125	StartReading	Overt	766.2395324094924	1.502523202898033	33791534	495795	ENE
971.837890625	1.501953125	StartSaying	Overt	769.6869775911863	1.5016615343442599	33943568	497581	ENE
974.9375	1.501953125	StartReading	Overt	773.1240600747467	1.5024778519215187	34095145	499168	ANA
978.072265625	1.501953125	StartSaying	Overt	776.3698974903458	1.5028179842453766	34238288	500773	ANA
981.11328125	1.5	StartReading	Overt	779.5031284312598	1.5015254814147168	34376465	502330	AFA
984.32421875	1.50390625	StartSaying	Overt	782.6125501095037	1.5017068853207742	34513592	503974	AFA
987.544921875	1.50390625	StartReading	Overt	785.9929892233976	1.5027499577806052	34662671	505623	AJA
990.73828125	1.501953125	StartSaying	Overt	789.4898669694921	1.5017522362972886	34816885	507258	AJA
993.9296875	1.5	StartReading	Overt	792.7799442626812	1.5017295608090315	34961979	508892	IRI
997.099609375	1.501953125	StartSaying	Overt	795.9365763074765	1.5017295608090315	35101188	510515	IRI
1000.396484375	1.50390625	StartReading	Overt	799.0417576694164	1.5030220636396914	35238128	512203	IFI
1003.658203125	1.501953125	StartSaying	Overt	802.1406579211089	1.5028179842453766	35374791	513873	IFI
1006.703125	1.501953125	StartReading	Overt	805.4021414236056	1.5027272822923479	35518624	515432	EKE
1010.103515625	1.501953125	StartSaying	Overt	808.5298168698965	1.5017522362972886	35656556	517173	EKE
1013.22265625	1.501953125	StartReading	Overt	811.5910077846174	1.5019563156916034	35791556	518770	UNU
1016.521484375	1.501953125	StartSaying	Overt	814.7680024178677	1.5017295608090315	35931663	520459	UNU
1020.009765625	1.50390625	StartReading	Overt	818.0713221961989	1.502863335221891	36077341	522245	URU
1023.17578125	1.501953125	StartSaying	Overt	821.1470934498692	1.5026365803393191	36212984	523866	URU
1047.21484375	1.501953125	StartReading	Inert	830.7072153520307	1.5016615343442599	36634590	536174	INI
1050.595703125	1.501953125	StartSaying	Inert	834.0557500539467	1.5025685538745477	36782262	537905	INI
1053.98828125	1.5	StartReading	Inert	837.2633112453677	1.5024778519215187	36923717	539642	ILI
1057.453125	1.501953125	StartSaying	Inert	840.5103731373329	1.5016161833677455	37066914	541416	ILI
1060.759765625	1.501953125	StartReading	Inert	843.8936693627471	1.5016842098325172	37216119	543109	EJE
1064.20703125	1.501953125	StartSaying	Inert	847.063385164267	1.5028179842453766	37355905	544874	EJE
1067.576171875	1.501953125	StartReading	Inert	850.4639374362449	1.5027726332688622	37505871	546599	ESE
1070.8125	1.501953125	StartSaying	Inert	853.6778250888897	1.5016161833677455	37647605	548256	ESE
1074.2578125	1.501953125	StartReading	Inert	856.7756142416576	1.5016388588560028	37784219	550020	ORO
1077.525390625	1.50390625	StartSaying	Inert	859.8792763458843	1.5018202627620603	37921092	551693	ORO
1080.74609375	1.501953125	StartReading	Inert	863.0725746551916	1.5027499577806052	38061918	553342	AKA
1083.892578125	1.501953125	StartSaying	Inert	866.2752832921256	1.5029086861984056	38203159	554953	AKA
1087.33984375	1.501953125	StartReading	Inert	869.3205786895782	1.5027953087571195	38337458	556718	USU
1090.521484375	1.501953125	StartSaying	Inert	872.4082318990952	1.5027499577806052	38473625	558347	USU
1093.701171875	1.501953125	StartReading	Inert	875.7746122102695	1.5015935078794884	38622084	559975	IMI
1097.16796875	1.5	StartSaying	Inert	879.0682268796266	1.5027953087571195	38767334	561750	IMI
1100.62109375	1.501953125	StartReading	Inert	882.3126130639773	1.5027499577806052	38910413	563518	IRI
1103.677734375	1.501953125	StartSaying	Inert	885.7776090735823	1.501797587273803	39063221	565083	IRI
1106.876953125	1.501953125	StartReading	Inert	888.8537204595764	1.50238714996849	39198879	566721	EKE
1110.265625	1.50390625	StartSaying	Inert	891.9741397496251	1.5024778519215187	39336491	568456	EKE
1116.099609375	1.501953125	StartReading	Overt	908.2759110655322	1.5027272822923479	40055407	571443	ILI
1119.2265625	1.501953125	StartSaying	Overt	911.6629260710207	1.5017295608090315	40204776	573044	ILI
1122.458984375	1.501953125	StartReading	Overt	914.9570622766078	1.5018429382503176	40350049	574699	OSO
1125.90625	1.501953125	StartSaying	Overt	918.2971843723803	1.502523202898033	40497350	576464	OSO
1129.34375	1.501953125	StartReading	Overt	921.5592574375717	1.5017522362972886	40641209	578224	ORO
1132.587890625	1.50390625	StartSaying	Overt	924.7637801135662	1.5017295608090315	40782530	579885	ORO
1135.72265625	1.501953125	StartReading	Overt	927.9599128589057	1.5016388588560028	40923481	581490	INI
1138.830078125	1.50390625	StartSaying	Overt	931.1394244713525	1.5026819313158335	41063699	583081	INI
1142.212890625	1.501953125	StartReading	Overt	934.6526512444806	1.5016842098325172	41218634	584813	OFO
1145.708984375	1.501953125	StartSaying	Overt	937.8422534492018	1.5024325009450044	41359297	586603	OFO
1149.0	1.5	StartReading	Overt	941.2321935926756	1.5026819313158335	41508795	588288	ALA
1152.15625	1.501953125	StartSaying	Overt	944.6759653452717	1.5016615343442599	41660667	589904	ALA
1155.259765625	1.50390625	StartReading	Overt	947.8598760024405	1.5016842098325172	41801079	591493	EJE
1158.359375	1.50390625	StartSaying	Overt	950.8732216369388	1.5022057460624325	41933969	593080	EJE
1161.62109375	1.501953125	StartReading	Overt	954.1730040391018	1.502500527409776	42079491	594750	UPU
1164.75	1.5	StartSaying	Overt	957.4564374142313	1.5027272822923479	42224292	596352	UPU
1167.810546875	1.5	StartReading	Overt	960.529600986752	1.502523202898033	42359820	597919	OLO
1170.986328125	1.501953125	StartSaying	Overt	964.0294718972966	1.502840659733634	42514166	599545	OLO
1174.2890625	1.50390625	StartReading	Overt	967.1737004500153	1.5026592558275764	42652828	601236	ETE
1177.3671875	1.501953125	StartSaying	Overt	970.5805791832171	1.5017522362972886	42803073	602812	ETE
1186.92578125	1.50390625	StartReading	Inert	977.2389188531057	1.5025912293628048	43096709	607706	APA
1190.275390625	1.501953125	StartSaying	Inert	980.5784967371602	1.5021603950859181	43243986	609421	APA
1193.482421875	1.501953125	StartReading	Inert	983.7058320511272	1.5018429382503176	43381903	611063	OMO
1196.728515625	1.501953125	StartSaying	Inert	986.7386559300384	1.5016615343442599	43515652	612725	OMO
1200.11328125	1.501953125	StartReading	Inert	989.7920238013105	1.5017522362972886	43650307	614458	IFI
1203.283203125	1.50390625	StartSaying	Inert	993.2712146665644	1.502840659733634	43803741	616081	IFI
1206.685546875	1.501953125	StartReading	Inert	996.714668962325	1.501774911785546	43955599	617823	IPI
1209.8984375	1.501953125	StartSaying	Inert	999.7472207353771	1.501548156902974	44089336	619468	IPI
1212.99609375	1.501953125	StartReading	Inert	1003.0522638508158	1.5028179842453766	44235090	621054	ONO
1216.099609375	1.501953125	StartSaying	Inert	1006.4853554484429	1.5018429382503176	44386491	622643	ONO
1219.29296875	1.50390625	StartReading	Inert	1009.7446621040668	1.5016388588560028	44530228	624278	EFE
1222.49609375	1.50390625	StartSaying	Inert	1012.8743103178363	1.5017295608090315	44668247	625918	EFE
1225.54296875	1.501953125	StartReading	Inert	1016.1666551598508	1.5026819313158335	44813441	627478	ULU
1228.630859375	1.501953125	StartSaying	Inert	1019.2742174480577	1.5027726332688622	44950486	629059	ULU
1231.99609375	1.50390625	StartReading	Inert	1022.6185798601344	1.501774911785546	45097974	630782	ARA
1235.291015625	1.501953125	StartSaying	Inert	1026.0466601748567	1.5027046068040908	45249154	632469	ARA
1238.53515625	1.50390625	StartReading	Inert	1029.1547666747817	1.5027953087571195	45386223	634130	ASA
1242.0	1.501953125	StartSaying	Inert	1032.2203793097126	1.5027726332688622	45521418	635904	ASA
1245.078125	1.501953125	StartReading	Inert	1035.266445673766	1.5027499577806052	45655751	637480	OPO
1248.197265625	1.50390625	StartSaying	Inert	1038.2980904272877	1.502613904851062	45789448	639077	OPO
1264.5	1.50390625	StartReading	Overt	1044.1889328461352	1.5027726332688622	46049237	647424	AMA
1267.888671875	1.5	StartSaying	Overt	1047.2857016019318	1.5027953087571195	46185806	649159	AMA
1271.181640625	1.501953125	StartReading	Overt	1050.449635153946	1.5027272822923479	46325337	650845	USU
1274.521484375	1.50390625	StartSaying	Overt	1053.7595081483835	1.5018202627620603	46471304	652555	USU
1277.78515625	1.501953125	StartReading	Overt	1057.0739162404723	1.5026365803393191	46617471	654226	UTU
1280.990234375	1.501953125	StartSaying	Overt	1060.3586421184327	1.5027953087571195	46762329	655867	UTU
1284.185546875	1.501953125	StartReading	Overt	1063.5166800435	1.501774911785546	46901600	657503	IPI
1287.365234375	1.50390625	StartSaying	Overt	1066.6914978298776	1.5017522362972886	47041611	659131	IPI
1290.87890625	1.501953125	StartReading	Overt	1070.1428885465282	1.502840659733634	47193819	660930	IJI
1294.068359375	1.50390625	StartSaying	Overt	1073.5799483546002	1.5016842098325172	47345395	662563	IJI
1297.458984375	1.501953125	StartReading	Overt	1077.026395814811	1.5022284215506898	47497385	664299	OTO
1300.90234375	1.501953125	StartSaying	Overt	1080.3857694001138	1.5027953087571195	47645535	666062	OTO
1304.087890625	1.501953125	StartReading	Overt	1083.425826759779	1.5026592558275764	47779603	667693	ELE
1307.099609375	1.50390625	StartSaying	Overt	1086.7705519796677	1.501548156902974	47927107	669235	ELE
1310.400390625	1.501953125	StartReading	Overt	1089.9696325384807	1.5018202627620603	48068188	670925	OJO
1313.68359375	1.50390625	StartSaying	Overt	1093.2825213728563	1.502840659733634	48214288	672606	OJO
1316.7578125	1.501953125	StartReading	Overt	1096.5649570265027	1.5017068853207742	48359045	674180	UJU
1320.2578125	1.501953125	StartSaying	Overt	1099.797756036354	1.5012307000673732	48501613	675972	UJU
1323.40234375	1.501953125	StartReading	Overt	1102.958515020012	1.501774911785546	48641004	677582	ESE
1326.80859375	1.501953125	StartSaying	Overt	1106.2914716614955	1.5027499577806052	48787989	679326	ESE
1333.46875	1.501953125	StartReading	Inert	1111.747488917523	1.5022510970389469	49028602	682736	ANA
1336.80859375	1.501953125	StartSaying	Inert	1115.199877355657	1.5025912293628048	49180854	684446	ANA
1339.935546875	1.501953125	StartReading	Inert	1118.7080248194154	1.5018202627620603	49335565	686047	OJO
1342.96875	1.501953125	StartSaying	Inert	1121.8308477112193	1.501797587273803	49473283	687600	OJO
1346.021484375	1.501953125	StartReading	Inert	1125.1913777464233	1.5025912293628048	49621484	689163	OLO
1349.501953125	1.501953125	StartSaying	Inert	1128.3768076613055	1.5027953087571195	49761963	690945	OLO
1352.9453125	1.501953125	StartReading	Inert	1131.4466379370524	1.5027272822923479	49897344	692708	UJU
1355.978515625	1.5	StartSaying	Inert	1134.7376902762364	1.5015254814147168	50042481	694261	UJU
1359.283203125	1.501953125	StartReading	Inert	1138.2355657438143	1.5027953087571195	50196739	695953	ETE
1362.71484375	1.50390625	StartSaying	Inert	1141.5179333709957	1.501774911785546	50341493	697710	ETE
1365.9765625	1.501953125	StartReading	Inert	1144.7011864390051	1.5016842098325172	50481876	699380	EPE
1369.10546875	1.501953125	StartSaying	Inert	1148.0871130210571	1.5027272822923479	50631197	700982	EPE
1372.3984375	1.501953125	StartReading	Inert	1151.4554434242218	1.5026592558275764	50779742	702668	ITI
1375.505859375	1.501953125	StartSaying	Inert	1154.9182399114657	1.50238714996849	50932453	704259	ITI
1378.849609375	1.501953125	StartReading	Inert	1158.0980916562364	1.502613904851062	51072686	705971	EME
1382.279296875	1.501953125	StartSaying	Inert	1161.5579630054954	1.5016161833677455	51225268	707727	EME
1385.38671875	1.501953125	StartReading	Inert	1164.9992858053597	1.5025458783862904	51377032	709318	URU
1388.453125	1.50390625	StartSaying	Inert	1168.3604054032585	1.5027046068040908	51525259	710888	URU
1391.498046875	1.50390625	StartReading	Inert	1171.8688929993407	1.5017522362972886	51679985	712447	UPU
1394.53125	1.501953125	StartSaying	Inert	1175.268855708624	1.5027726332688622	51829925	714000	UPU
1400.421875	1.501953125	StartReading	Overt	1182.4676429656347	1.5027953087571195	52147395	717016	APA
1403.51953125	1.501953125	StartSaying	Overt	1185.696564466994	1.5016842098325172	52289792	718602	APA
1406.68359375	1.501953125	StartReading	Overt	1188.7785488044467	1.5018656137385746	52425709	720222	EME
1409.9921875	1.501953125	StartSaying	Overt	1192.1615729240018	1.5026592558275764	52574902	721916	EME
1413.30859375	1.501953125	StartReading	Overt	1195.2734662304658	1.5026365803393191	52712138	723614	EPE
1416.591796875	1.501953125	StartSaying	Overt	1198.4460164680177	1.5027046068040908	52852049	725295	EPE
1419.75	1.501953125	StartReading	Overt	1201.6341447660025	1.5016161833677455	52992647	726912	IMI
1422.92578125	1.501953125	StartSaying	Overt	1204.9920444445686	1.5026365803393191	53140732	728538	IMI
1426.376953125	1.501953125	StartReading	Overt	1208.381871210601	1.5026819313158335	53290225	730305	OKO
1429.814453125	1.501953125	StartSaying	Overt	1211.608570514111	1.5015028059264597	53432524	732065	OKO
1433.26171875	1.501953125	StartReading	Overt	1215.0869223862994	1.5027499577806052	53585921	733830	UMU
1436.62109375	1.501953125	StartSaying	Overt	1218.3589046398592	1.5027499577806052	53730217	735550	UMU
1439.66015625	1.50390625	StartReading	Overt	1221.7673479817508	1.5017068853207742	53880531	737106	ATA
1443.005859375	1.501953125	StartSaying	Overt	1224.7765893528745	1.5017068853207742	54013240	738819	ATA
1446.205078125	1.501953125	StartReading	Overt	1228.1718355606001	1.5027499577806052	54162972	740457	OPO
1449.517578125	1.50390625	StartSaying	Overt	1231.5277397961997	1.5017522362972886	54310969	742153	OPO
1452.80078125	1.501953125	StartReading	Overt	1234.5518789631085	1.5017522362972886	54444335	743834	OMO
1456.033203125	1.501953125	StartSaying	Overt	1237.8274212683245	1.5017522362972886	54588788	745489	OMO
1459.193359375	1.501953125	StartReading	Overt	1241.2669073536401	1.502863335221891	54740471	747107	IKI
1462.52734375	1.501953125	StartSaying	Overt	1244.6489564272003	1.5015708323912311	54889621	748814	IKI
1467.982421875	1.50390625	StartReading	Inert	1250.0903933442785	1.5027046068040908	55129591	751607	IKI
1471.435546875	1.501953125	StartSaying	Inert	1253.10174353581	1.5021603950859181	55262393	753375	IKI
1474.943359375	1.50390625	StartReading	Inert	1256.5874195907056	1.5017295608090315	55416113	755171	UNU
1478.06640625	1.501953125	StartSaying	Inert	1259.7210133394317	1.5015254814147168	55554306	756770	UNU
1481.427734375	1.501953125	StartReading	Inert	1263.0459882090486	1.5025685538745477	55700939	758491	IJI
1484.61328125	1.50390625	StartSaying	Inert	1266.4215747684552	1.5019336402033463	55849804	760122	IJI
1487.68359375	1.501953125	StartReading	Inert	1269.6037394130283	1.5016388588560028	55990139	761694	ERE
1490.974609375	1.501953125	StartSaying	Inert	1273.0164457467122	1.5027726332688622	56140641	763379	ERE
1494.47265625	1.501953125	StartReading	Inert	1276.330491030989	1.5026592558275764	56286792	765170	UTU
1497.755859375	1.501953125	StartSaying	Inert	1279.4847194740291	1.501774911785546	56425895	766851	UTU
1500.9375	1.501953125	StartReading	Inert	1282.554640451729	1.5017522362972886	56561280	768480	UKU
1504.32421875	1.50390625	StartSaying	Inert	1285.6603206744105	1.5016388588560028	56698242	770214	UKU
1507.693359375	1.501953125	StartReading	Inert	1288.80232702928	1.5016161833677455	56836806	771939	AJA
1511.15625	1.501953125	StartSaying	Inert	1292.2742163873152	1.5027726332688622	56989918	773712	AJA
1514.3359375	1.501953125	StartReading	Inert	1295.5034099945335	1.5017068853207742	57132327	775340	OKO
1517.794921875	1.50390625	StartSaying	Inert	1298.9329642159926	1.5016615343442599	57283572	777111	OKO
1521.23828125	1.501953125	StartReading	Inert	1302.24583037488	1.5027726332688622	57429671	778874	UFU
1524.599609375	1.501953125	StartSaying	Inert	1305.4987652183036	1.5015935078794884	57573127	780595	UFU
1528.107421875	1.501953125	StartReading	Inert	1308.6324269934944	1.5014801304382024	57711323	782391	ISI
1531.5078125	1.501953125	StartSaying	Inert	1311.978898225979	1.5016842098325172	57858904	784132	ISI
1538.70703125	1.501953125	StartReading	Overt	1625.7444817952269	1.5016161833677455	71696118	787818	ONO
1541.935546875	1.501953125	StartSaying	Overt	1629.2443527057715	1.502863335221891	71850464	789471	ONO
1545.017578125	1.501953125	StartReading	Overt	1632.3415069448683	1.5021377195976608	71987050	791049	EFE
1548.400390625	1.50390625	StartSaying	Overt	1635.5643967663511	1.5017068853207742	72129181	792781	EFE
1551.513671875	1.501953125	StartReading	Overt	1638.6201682393785	1.5015708323912311	72263942	794375	ITI
1554.685546875	1.501953125	StartSaying	Overt	1641.8063917963495	1.5020016666681177	72404456	795999	ITI
1557.873046875	1.501953125	StartReading	Overt	1645.226898497994	1.5024098254567473	72555302	797631	UKU
1561.23046875	1.50390625	StartSaying	Overt	1648.3739161357682	1.502500527409776	72694087	799350	UKU
1564.62109375	1.501953125	StartReading	Overt	1651.596601877857	1.5014801304382024	72836209	801086	ULU
1567.849609375	1.5	StartSaying	Overt	1654.8297183445438	1.501548156902974	72978791	802739	ULU
1571.328125	1.501953125	StartReading	Overt	1657.853018518387	1.5014121039734307	73112120	804520	AKA
1574.599609375	1.501953125	StartSaying	Overt	1661.2738880278434	1.5024778519215187	73262982	806195	AKA
1578.0078125	1.501953125	StartReading	Overt	1664.3164170157286	1.5027726332688622	73397159	807940	UFU
1581.015625	1.50390625	StartSaying	Overt	1667.436722928336	1.5023417989919756	73534766	809480	UFU
1584.412109375	1.501953125	StartReading	Overt	1670.5852371483352	1.501774911785546	73673617	811219	ARA
1587.767578125	1.501953125	StartSaying	Overt	1673.9152006253687	1.5017068853207742	73820470	812937	ARA
1590.79296875	1.501953125	StartReading	Overt	1677.0002008027595	1.502613904851062	73956520	814486	ERE
1594.068359375	1.501953125	StartSaying	Overt	1680.3327946364307	1.5027272822923479	74103489	816163	ERE
1597.5078125	1.501953125	StartReading	Overt	1683.682145655924	1.5013667529969164	74251197	817924	ISI
1600.890625	1.501953125	StartSaying	Overt	1687.0406348971849	1.5026592558275764	74399308	819656	ISI
1606.33203125	1.50390625	StartReading	Inert	1692.8290974865513	1.5016842098325172	74654582	822442	ATA
1609.34375	1.501953125	StartSaying	Inert	1696.0438241322615	1.502523202898033	74796353	823984	ATA
1612.828125	1.501953125	StartReading	Inert	1699.343719911866	1.5028179842453766	74941880	825768	AFA
1615.962890625	1.501953125	StartSaying	Inert	1702.6634567436952	1.501797587273803	75088282	827373	AFA
1619.287109375	1.501953125	StartReading	Inert	1705.8753036023968	1.5014801304382024	75229926	829075	AMA
1622.6640625	1.501953125	StartSaying	Inert	1709.166718749393	1.5027953087571195	75375079	830804	AMA
1625.845703125	1.501953125	StartReading	Inert	1712.655977531433	1.5016161833677455	75528957	832433	UMU
1629.2578125	1.50390625	StartSaying	Inert	1715.767235924226	1.5015708323912311	75666165	834180	UMU
1632.572265625	1.501953125	StartReading	Inert	1719.014025710332	1.5024325009450044	75809350	835877	OTO
1635.728515625	1.5	StartSaying	Inert	1722.1641272145093	1.5024551764332617	75948271	837493	OTO
1638.796875	1.501953125	StartReading	Inert	1725.323979178637	1.5026592558275764	76087622	839064	OFO
1641.90234375	1.501953125	StartSaying	Inert	1728.7088626882294	1.5018202627620603	76236897	840654	OFO
1645.044921875	1.501953125	StartReading	Inert	1732.1414554251148	1.5027499577806052	76388276	842263	OSO
1648.515625	1.50390625	StartSaying	Inert	1735.4553419809738	1.502840659733634	76534420	844040	OSO
1651.74609375	1.501953125	StartReading	Inert	1738.971131084275	1.501774911785546	76689468	845694	ALA
1655.17578125	1.501953125	StartSaying	Inert	1742.1959029712832	1.5027499577806052	76831682	847450	ALA
1658.48828125	1.50390625	StartReading	Inert	1745.6953883985273	1.5016615343442599	76986011	849146	ELE
1661.7421875	1.501953125	StartSaying	Inert	1748.8060345531371	1.5026592558275764	77123192	850812	ELE
1664.875	1.501953125	StartReading	Inert	1752.2095119631003	1.5026365803393191	77273287	852416	ENE
1668.22265625	1.501953125	StartSaying	Inert	1755.6052343560796	1.5017522362972886	77423040	854130	ENE
1981.99609375	1.501953125	StartReading	Overt	1760.8469228971003	1.5016161833677455	77654201	1014782	ISI
1985.494140625	1.505859375	StartSaying	Overt	1763.8671845555168	1.501774911785546	77787396	1016573	ISI
1988.59375	1.5	StartReading	Overt	1767.0613672088662	1.5029086861984056	77928261	1018160	ORO
1991.81640625	1.501953125	StartSaying	Overt	1770.1532380591989	1.5022737725272042	78064614	1019810	ORO
1994.87109375	1.501953125	StartReading	Overt	1773.5040856609173	1.5017295608090315	78212388	1021374	EFE
1998.056640625	1.50390625	StartSaying	Overt	1776.7946618148478	1.5016388588560028	78357504	1023005	EFE
2001.478515625	1.501953125	StartReading	Overt	1780.2690454765914	1.502863335221891	78510726	1024757	ILI
2004.625	1.50390625	StartSaying	Overt	1783.6761282891873	1.5017295608090315	78660980	1026368	ILI
2007.849609375	1.5	StartReading	Overt	1786.7011064491614	1.5017522362972886	78794383	1028019	EKE
2011.08203125	1.5	StartSaying	Overt	1790.1130418162445	1.5027499577806052	78944851	1029674	EKE
2014.10546875	1.501953125	StartReading	Overt	1793.44336810109	1.5027953087571195	79091720	1031222	ANA
2017.525390625	1.501953125	StartSaying	Overt	1796.494150966701	1.5015028059264597	79226261	1032973	ANA
2020.568359375	1.50390625	StartReading	Overt	1799.5880172600005	1.5015935078794884	79362702	1034531	OPO
2023.689453125	1.501953125	StartSaying	Overt	1802.6855796578857	1.5024551764332617	79499306	1036129	OPO
2026.837890625	1.5	StartReading	Overt	1806.0135250164642	1.5027953087571195	79646070	1037741	IRI
2030.166015625	1.50390625	StartSaying	Overt	1809.1062121843743	1.5027726332688622	79782459	1039445	IRI
2033.251953125	1.501953125	StartReading	Overt	1812.219397993669	1.5027726332688622	79919752	1041025	OJO
2036.5859375	1.501953125	StartSaying	Overt	1815.5543274026306	1.5017068853207742	80066824	1042732	OJO
2039.935546875	1.5	StartReading	Overt	1818.8927941877605	1.501774911785546	80214052	1044447	OFO
2043.29296875	1.501953125	StartSaying	Overt	1821.9804247217892	1.501797587273803	80350218	1046166	OFO
2049.08203125	1.5	StartReading	Inert	1828.271126700564	1.5027953087571195	80627641	1049130	ETE
2052.296875	1.501953125	StartSaying	Inert	1831.4438583420222	1.5027726332688622	80767560	1050776	ETE
2055.595703125	1.50390625	StartReading	Inert	1834.6796958672999	1.5018656137385746	80910262	1052465	IMI
2058.916015625	1.501953125	StartSaying	Inert	1837.8695475023922	1.5017522362972886	81050936	1054165	IMI
2062.12890625	1.501953125	StartReading	Inert	1841.0748638204757	1.5027953087571195	81192292	1055810	OTO
2065.419921875	1.501953125	StartSaying	Inert	1844.1184358808207	1.5027272822923479	81326515	1057495	OTO
2068.908203125	1.501953125	StartReading	Inert	1847.4935916059505	1.5019336402033463	81475361	1059281	IJI
2072.01953125	1.501953125	StartSaying	Inert	1850.5554627853192	1.5017522362972886	81610391	1060874	IJI
2075.267578125	1.501953125	StartReading	Inert	1853.760869805356	1.5017522362972886	81751751	1062537	UPU
2078.416015625	1.50390625	StartSaying	Inert	1857.0586567645523	1.5027953087571195	81897185	1064149	UPU
2081.578125	1.501953125	StartReading	Inert	1860.5661693146394	1.50238714996849	82051868	1065768	UNU
2084.9609375	1.50390625	StartSaying	Inert	1863.9396697291265	1.5017068853207742	82200641	1067500	UNU
2088.39453125	1.501953125	StartReading	Inert	1867.2369124766049	1.5026365803393191	82346051	1069258	AMA
2091.708984375	1.501953125	StartSaying	Inert	1870.2762895716223	1.502613904851062	82480089	1070955	AMA
2095.224609375	1.501953125	StartReading	Inert	1873.6318763503864	1.501774911785546	82628072	1072755	IPI
2098.44921875	1.501953125	StartSaying	Inert	1876.8207075885068	1.5017522362972886	82768701	1074406	IPI
2101.94921875	1.501953125	StartReading	Inert	1880.0727807633768	1.502840659733634	82912119	1076198	IFI
2105.05859375	1.50390625	StartSaying	Inert	1883.2946048369117	1.5026592558275764	83054203	1077790	IFI
2108.462890625	1.501953125	StartReading	Inert	1886.5655213425232	1.5016615343442599	83198452	1079533	UMU
2111.859375	1.5	StartSaying	Inert	1889.816165961633	1.5017522362972886	83341807	1081272	UMU
2117.1015625	1.5	StartReading	Overt	1895.1681027265602	1.502840659733634	83577830	1083956	AMA
2120.12109375	1.501953125	StartSaying	Overt	1898.5852761314306	1.5017522362972886	83728529	1085502	AMA
2123.314453125	1.50390625	StartReading	Overt	1901.669958851986	1.501888289226832	83864565	1087137	ARA
2126.408203125	1.501953125	StartSaying	Overt	1904.9749792919365	1.5017295608090315	84010318	1088721	ARA
2129.7578125	1.501953125	StartReading	Overt	1908.2062136930979	1.502863335221891	84152817	1090436	IFI
2133.048828125	1.501953125	StartSaying	Overt	1911.4880371085612	1.501774911785546	84297547	1092121	IFI
2136.5234375	1.501953125	StartReading	Overt	1914.6410410752355	1.5017522362972886	84436596	1093900	EPE
2139.9296875	1.501953125	StartSaying	Overt	1917.832865477806	1.5017522362972886	84577357	1095644	EPE
2142.95703125	1.5	StartReading	Overt	1921.2022616289187	1.5022510970389469	84725949	1097194	UTU
2146.3671875	1.50390625	StartSaying	Overt	1924.552587694407	1.5016615343442599	84873700	1098940	UTU
2149.697265625	1.50390625	StartReading	Overt	1927.8848640712426	1.5017068853207742	85020655	1100645	ONO
2152.75	1.5	StartSaying	Overt	1931.2147141708347	1.5027272822923479	85167503	1102208	ONO
2155.84375	1.5	StartReading	Overt	1934.3379225459391	1.5027953087571195	85305238	1103792	UPU
2158.94140625	1.501953125	StartSaying	Overt	1937.7788598625032	1.5017522362972886	85456985	1105378	UPU
2162.267578125	1.50390625	StartReading	Overt	1941.2480735129238	1.502523202898033	85609979	1107081	IKI
2165.361328125	1.501953125	StartSaying	Overt	1944.2863395090167	1.5025685538745477	85743968	1108665	IKI
2168.474609375	1.501953125	StartReading	Overt	1947.581382734134	1.5017295608090315	85889281	1110259	UJU
2171.80859375	1.501953125	StartSaying	Overt	1950.7330715224894	1.5015028059264597	86028272	1111966	UJU
2175.1484375	1.501953125	StartReading	Overt	1953.9177758217472	1.5017068853207742	86168719	1113676	ESE
2178.236328125	1.501953125	StartSaying	Overt	1957.2988952002888	1.5027046068040908	86317828	1115257	ESE
2184.52734375	1.501953125	StartReading	Inert	1962.8751605705443	1.5016842098325172	86563744	1118478	ONO
2187.69921875	1.50390625	StartSaying	Inert	1966.2709736654765	1.502863335221891	86713501	1120102	ONO
2190.935546875	1.501953125	StartReading	Inert	1969.4611881083808	1.5022737725272042	86854191	1121759	UFU
2194.125	1.501953125	StartSaying	Inert	1972.7745984789865	1.5016615343442599	87000314	1123392	UFU
2197.330078125	1.501953125	StartReading	Inert	1976.0523629820518	1.5027272822923479	87144865	1125033	ENE
2200.373046875	1.50390625	StartSaying	Inert	1979.3862266430654	1.50238714996849	87291890	1126591	ENE
2203.75	1.501953125	StartReading	Inert	1982.4880066817666	1.5017068853207742	87428680	1128320	EJE
2206.810546875	1.50390625	StartSaying	Inert	1985.8744094490721	1.5016161833677455	87578022	1129887	EJE
2210.015625	1.501953125	StartReading	Inert	1989.0058036754372	1.501548156902974	87716118	1131528	ANA
2213.314453125	1.501953125	StartSaying	Inert	1992.0858152454116	1.5026592558275764	87851948	1133217	ANA
2216.822265625	1.501953125	StartReading	Inert	1995.2606557072775	1.5024778519215187	87991960	1135013	EFE
2220.1953125	1.501953125	StartSaying	Inert	1998.4930919093167	1.5016615343442599	88134512	1136740	EFE
2223.4921875	1.50390625	StartReading	Inert	2001.6912654485993	1.5016388588560028	88275553	1138428	OMO
2226.53125	1.50390625	StartSaying	Inert	2005.0047891966462	1.502500527409776	88421681	1139984	OMO
2229.888671875	1.5	StartReading	Inert	2008.5045920807258	1.5016388588560028	88576024	1141703	OSO
2233.078125	1.5	StartSaying	Inert	2011.5886625630983	1.5017068853207742	88712033	1143336	OSO
2236.328125	1.50390625	StartReading	Inert	2015.0098041784138	1.5026592558275764	88862907	1145000	IKI
2239.55078125	1.501953125	StartSaying	Inert	2018.2043042885987	1.5025912293628048	89003786	1146650	IKI
2242.822265625	1.501953125	StartReading	Inert	2021.2551098296979	1.5028179842453766	89138328	1148325	ITI
2246.072265625	1.501953125	StartSaying	Inert	2024.649947878635	1.501548156902974	89288042	1149989	ITI
2251.423828125	1.50390625	StartReading	Overt	2030.1306360658864	1.5027953087571195	89529743	1152729	ERE
2254.841796875	1.501953125	StartSaying	Overt	2033.2114186024614	1.5026365803393191	89665607	1154479	ERE
2257.92578125	1.50390625	StartReading	Overt	2036.2261247662552	1.5027499577806052	89798557	1156058	OMO
2261.23046875	1.50390625	StartSaying	Overt	2039.6470849776647	1.5016388588560028	89949423	1157750	OMO
2264.462890625	1.501953125	StartReading	Overt	2043.0383856504336	1.502523202898033	90098981	1159405	URU
2267.744140625	1.501953125	StartSaying	Overt	2046.3518413720158	1.5027272822923479	90245106	1161085	URU
2270.8984375	1.501953125	StartReading	Overt	2049.564799329642	1.5018202627620603	90386799	1162700	ETE
2274.08984375	1.501953125	StartSaying	Overt	2052.675513510717	1.5016161833677455	90523983	1164334	ETE
2277.458984375	1.501953125	StartReading	Overt	2056.1798968434246	1.502840659733634	90678528	1166059	ATA
2280.80859375	1.50390625	StartSaying	Overt	2059.509792293993	1.5015028059264597	90825378	1167774	ATA
2284.142578125	1.501953125	StartReading	Overt	2062.9580537932643	1.5016842098325172	90977448	1169481	ALA
2287.47265625	1.501953125	StartSaying	Overt	2066.2306936359832	1.5026819313158335	91121773	1171186	ALA
2290.595703125	1.501953125	StartReading	Overt	2069.613785782003	1.5015935078794884	91270969	1172785	EJE
2294.03515625	1.501953125	StartSaying	Overt	2072.695339285179	1.5016842098325172	91406867	1174546	EJE
2297.505859375	1.501953125	StartReading	Overt	2075.8274818026566	1.5017295608090315	91544996	1176323	UKU
2300.54296875	1.50390625	StartSaying	Overt	2078.8680380230635	1.5016388588560028	91679086	1177878	UKU
2303.837890625	1.501953125	StartReading	Overt	2082.179248871308	1.5026819313158335	91825112	1179565	ULU
2306.990234375	1.501953125	StartSaying	Overt	2085.568939584411	1.501774911785546	91974599	1181179	ULU
2310.17578125	1.5	StartReading	Overt	2088.8183143761785	1.5022737725272042	92117898	1182810	IPI
2313.556640625	1.501953125	StartSaying	Overt	2092.2056695139904	1.5023417989919756	92267282	1184541	IPI
2319.1328125	1.501953125	StartReading	Inert	2097.655768467583	1.501774911785546	92507634	1187396	OFO
2322.529296875	1.501953125	StartSaying	Inert	2101.0114686237885	1.502840659733634	92655622	1189135	OFO
2325.71875	1.50390625	StartReading	Inert	2104.325491232577	1.502613904851062	92801772	1190768	ARA
2329.033203125	1.501953125	StartSaying	Inert	2107.577995241724	1.5015708323912311	92945209	1192465	ARA
2332.310546875	1.50390625	StartReading	Inert	2111.068501175618	1.502500527409776	93099142	1194143	OKO
2335.64453125	1.501953125	StartSaying	Inert	2114.4781689938754	1.5027499577806052	93249510	1195850	OKO
2338.74609375	1.501953125	StartReading	Inert	2117.6123749807844	1.5017068853207742	93387730	1197438	ISI
2342.1328125	1.501953125	StartSaying	Inert	2120.974265545284	1.5023191235037185	93535991	1199172	ISI
2345.263671875	1.501953125	StartReading	Inert	2124.3281970134053	1.5027272822923479	93683901	1200775	EKE
2348.34375	1.50390625	StartSaying	Inert	2127.4665526146655	1.5025685538745477	93822304	1202352	EKE
2351.51953125	1.501953125	StartReading	Inert	2130.818579341773	1.5015708323912311	93970130	1203978	ESE
2354.751953125	1.501953125	StartSaying	Inert	2133.9379328838736	1.501457454949945	94107695	1205633	ESE
2357.94921875	1.501953125	StartReading	Inert	2137.115471728842	1.502523202898033	94247826	1207270	AKA
2361.263671875	1.501953125	StartSaying	Inert	2140.4758430356283	1.5024551764332617	94396020	1208967	AKA
2364.763671875	1.501953125	StartReading	Inert	2143.9394331649614	1.5015254814147168	94548766	1210759	OJO
2367.84765625	1.501953125	StartSaying	Inert	2147.071666384392	1.502500527409776	94686899	1212338	OJO
2371.267578125	1.50390625	StartReading	Inert	2150.4504955386196	1.5026365803393191	94835907	1214089	EME
2374.462890625	1.501953125	StartSaying	Inert	2153.9160357599426	1.5016615343442599	94988739	1215725	EME
2377.513671875	1.501953125	StartReading	Inert	2157.4084464348507	1.5027953087571195	95142756	1217287	UKU
2380.908203125	1.501953125	StartSaying	Inert	2160.4251933925875	1.5025912293628048	95275796	1219025	UKU
2386.388671875	1.50390625	StartReading	Overt	2167.549945180438	1.501457454949945	95590001	1221831	USU
2389.470703125	1.501953125	StartSaying	Overt	2170.5741750493	1.502500527409776	95723371	1223409	USU
2392.486328125	1.501953125	StartReading	Overt	2174.0453841426875	1.5026365803393191	95876453	1224953	EME
2395.90625	1.501953125	StartSaying	Overt	2177.096779246481	1.5025912293628048	96011021	1226704	EME
2399.296875	1.50390625	StartReading	Overt	2180.237787879867	1.5027499577806052	96149541	1228440	ITI
2402.611328125	1.50390625	StartSaying	Overt	2183.690765880696	1.5015708323912311	96301819	1230137	ITI
2405.82421875	1.501953125	StartReading	Overt	2187.0989597922166	1.5025458783862904	96452122	1231782	INI
2408.935546875	1.501953125	StartSaying	Overt	2190.561529524578	1.5017068853207742	96604823	1233375	INI
2412.439453125	1.50390625	StartReading	Overt	2193.8026957895963	1.5015254814147168	96747760	1235169	OTO
2415.76953125	1.501953125	StartSaying	Overt	2197.178214322538	1.5026819313158335	96896622	1236874	OTO
2419.216796875	1.501953125	StartReading	Overt	2200.5625762959007	1.501774911785546	97045874	1238639	OLO
2422.490234375	1.501953125	StartSaying	Overt	2203.6152412270367	1.501774911785546	97180498	1240315	OLO
2425.873046875	1.501953125	StartReading	Overt	2206.691420639496	1.5017295608090315	97316159	1242047	ASA
2428.95703125	1.5	StartSaying	Overt	2210.136462219434	1.5027499577806052	97468087	1243626	ASA
2432.087890625	1.501953125	StartReading	Overt	2213.1683337278387	1.5027953087571195	97601794	1245229	OKO
2435.12890625	1.5	StartSaying	Overt	2216.504147480842	1.5016161833677455	97748905	1246786	OKO
2438.439453125	1.50390625	StartReading	Overt	2219.645201465205	1.5017068853207742	97887427	1248481	AJA
2441.828125	1.501953125	StartSaying	Overt	2222.9940762994447	1.5026819313158335	98035114	1250216	AJA
2445.078125	1.501953125	StartReading	Overt	2226.044065522967	1.5027046068040908	98169620	1251880	AFA
2448.466796875	1.501953125	StartSaying	Overt	2229.095392600296	1.5027726332688622	98304185	1253615	AFA
2453.916015625	1.501953125	StartReading	Inert	2238.4607774093047	1.5028179842453766	98717203	1256405	ILI
2457.271484375	1.50390625	StartSaying	Inert	2241.9199684939153	1.501774911785546	98869755	1258123	ILI
2460.5859375	1.501953125	StartReading	Inert	2245.0390952811335	1.5026592558275764	99007310	1259820	UTU
2463.837890625	1.501953125	StartSaying	Inert	2248.245726777536	1.5026819313158335	99148724	1261485	UTU
2467.328125	1.50390625	StartReading	Inert	2251.3347178408603	1.502840659733634	99284950	1263272	URU
2470.73828125	1.50390625	StartSaying	Inert	2254.7918227805517	1.5018656137385746	99437410	1265018	URU
2473.873046875	1.501953125	StartReading	Inert	2258.230401846337	1.5021830705741754	99589053	1266623	INI
2477.236328125	1.501953125	StartSaying	Inert	2261.492542937993	1.5013667529969164	99732915	1268345	INI
2480.58984375	1.501953125	StartReading	Inert	2264.5271581804764	1.5013440775086593	99866743	1270062	ALA
2483.728515625	1.501953125	StartSaying	Inert	2267.970453747819	1.5016842098325172	100018594	1271669	ALA
2487.080078125	1.501953125	StartReading	Inert	2271.3456094729495	1.5026365803393191	100167440	1273385	APA
2490.19921875	1.501953125	StartSaying	Inert	2274.5599959863357	1.501457454949945	100309196	1274982	APA
2493.376953125	1.501953125	StartReading	Inert	2278.0690731451127	1.502523202898033	100463948	1276609	ASA
2496.736328125	1.50390625	StartSaying	Inert	2281.39937675447	1.5024098254567473	100610816	1278329	ASA
2500.201171875	1.5	StartReading	Inert	2284.612969625767	1.501548156902974	100752537	1280103	OLO
2503.333984375	1.501953125	StartSaying	Inert	2287.6832534112796	1.5017068853207742	100887938	1281707	OLO
2506.7109375	1.50390625	StartReading	Inert	2290.9053042396968	1.5018202627620603	101030032	1283436	ERE
2510.177734375	1.501953125	StartSaying	Inert	2294.0811197475578	1.5028179842453766	101170087	1285211	ERE
2513.669921875	1.501953125	StartReading	Inert	2297.370494100611	1.5026819313158335	101315150	1286999	IRI
2516.6875	1.501953125	StartSaying	Inert	2300.411095671994	1.5027499577806052	101449242	1288544	IRI
2523.8125	1.501953125	StartReading	Overt	2308.2779935150147	1.502840659733634	101796176	1292192	IJI
2526.8359375	1.501953125	StartSaying	Overt	2311.7311075687726	1.5016615343442599	101948460	1293740	IJI
2530.306640625	1.50390625	StartReading	Overt	2315.065197984669	1.502863335221891	102095495	1295517	OSO
2533.359375	1.501953125	StartSaying	Overt	2318.4171793608	1.5027272822923479	102243319	1297080	OSO
2536.5	1.501953125	StartReading	Overt	2321.6963497441375	1.5015708323912311	102387932	1298688	UMU
2539.953125	1.501953125	StartSaying	Overt	2324.8187644771524	1.501774911785546	102525632	1300456	UMU
2543.361328125	1.50390625	StartReading	Overt	2328.129181683308	1.5027953087571195	102671623	1302201	ENE
2546.82421875	1.501953125	StartSaying	Overt	2331.441163498154	1.5026819313158335	102817683	1303974	ENE
2550.064453125	1.501953125	StartReading	Overt	2334.789108637375	1.5015708323912311	102965329	1305633	UFU
2553.44140625	1.501953125	StartSaying	Overt	2338.048596696905	1.5025912293628048	103109074	1307362	UFU
2556.82421875	1.501953125	StartReading	Overt	2341.4524595901685	1.5025912293628048	103259186	1309094	ELE
2559.87890625	1.5	StartSaying	Overt	2344.6971405558666	1.5017068853207742	103402278	1310658	ELE
2562.953125	1.50390625	StartReading	Overt	2348.029484959167	1.5026592558275764	103549236	1312232	UNU
2566.3984375	1.501953125	StartSaying	Overt	2351.4223275651375	1.502364474480233	103698862	1313996	UNU
2569.431640625	1.501953125	StartReading	Overt	2354.8614735181295	1.5016388588560028	103850530	1315549	APA
2572.765625	1.501953125	StartSaying	Overt	2357.8909414247782	1.5017295608090315	103984131	1317256	APA
2575.908203125	1.501953125	StartReading	Overt	2361.1802250758783	1.502840659733634	104129190	1318865	IMI
2579.255859375	1.50390625	StartSaying	Overt	2364.5979200169786	1.501457454949945	104279912	1320579	IMI
2582.306640625	1.50390625	StartReading	Overt	2368.0891969174736	1.5022510970389469	104433879	1322141	AKA
2585.357421875	1.50390625	StartSaying	Overt	2371.1032908430843	1.5027499577806052	104566802	1323703	AKA
2594.72265625	1.50390625	StartReading	Inert	2377.125061531129	1.5024325009450044	104832365	1328498	ATA
2598.181640625	1.50390625	StartSaying	Inert	2380.277407908644	1.5027272822923479	104971385	1330269	ATA
2601.302734375	1.501953125	StartReading	Inert	2383.389301215108	1.5027046068040908	105108621	1331867	AFA
2604.509765625	1.501953125	StartSaying	Inert	2386.6999678516345	1.5016161833677455	105254623	1333509	AFA
2607.599609375	1.501953125	StartReading	Inert	2390.1063250486063	1.5022284215506898	105404845	1335091	UJU
2611.0546875	1.501953125	StartSaying	Inert	2393.340303183847	1.5026819313158335	105547465	1336860	UJU
2614.494140625	1.501953125	StartReading	Inert	2396.370156573796	1.5027499577806052	105681083	1338621	ORO
2617.755859375	1.501953125	StartSaying	Inert	2399.593772010903	1.5017295608090315	105823246	1340291	ORO
2620.791015625	1.501953125	StartReading	Inert	2402.7116743217557	1.5017068853207742	105960747	1341845	ULU
2624.234375	1.501953125	StartSaying	Inert	2406.1775773508907	1.5027726332688622	106113595	1343608	ULU
2627.609375	1.501953125	StartReading	Inert	2409.3345948789865	1.502613904851062	106252821	1345336	EPE
2630.822265625	1.501953125	StartSaying	Inert	2412.3825659840536	1.502500527409776	106387238	1346981	EPE
2634.33203125	1.50390625	StartReading	Inert	2415.625342208738	1.501774911785546	106530246	1348778	ELE
2637.6640625	1.501953125	StartSaying	Inert	2419.087004921569	1.5026819313158335	106682907	1350484	ELE
2640.876953125	1.501953125	StartReading	Inert	2422.4548818149683	1.5025912293628048	106831432	1352129	AJA
2643.947265625	1.501953125	StartSaying	Inert	2425.842282303757	1.502047017644632	106980818	1353701	AJA
2647.169921875	1.501953125	StartReading	Inert	2429.0258755040904	1.5028179842453766	107121216	1355351	OPO
2650.345703125	1.501953125	StartSaying	Inert	2432.084572115103	1.5026592558275764	107256106	1356977	OPO
2653.634765625	1.501953125	StartReading	Inert	2435.570452249393	1.5018202627620603	107409835	1358661	USU
2656.67578125	1.501953125	StartSaying	Inert	2438.774340011716	1.5016615343442599	107551128	1360218	USU
2664.54296875	1.501953125	StartReading	Overt	2445.8246254961305	1.5018656137385746	107862049	1364246	IKI
2667.994140625	1.50390625	StartSaying	Overt	2449.312954583152	1.5028179842453766	108015886	1366013	IKI
2671.330078125	1.501953125	StartReading	Overt	2452.381787137416	1.5028860107101483	108151223	1367721	EJE
2674.681640625	1.50390625	StartSaying	Overt	2455.8802294921998	1.501797587273803	108305506	1369437	EJE
2677.9609375	1.501953125	StartReading	Overt	2458.8974753106786	1.5018429382503176	108438568	1371116	OKO
2681.08203125	1.50390625	StartSaying	Overt	2462.237597406451	1.502863335221891	108585869	1372714	OKO
2684.39453125	1.501953125	StartReading	Overt	2465.321917319194	1.502863335221891	108721889	1374410	ETE
2687.70703125	1.501953125	StartSaying	Overt	2468.5178686606278	1.501774911785546	108862832	1376106	ETE
2691.052734375	1.50390625	StartReading	Overt	2471.6260431870173	1.5017295608090315	108999904	1377819	EME
2694.314453125	1.501953125	StartSaying	Overt	2475.009928975126	1.5021377195976608	109149135	1379489	EME
2697.716796875	1.50390625	StartReading	Overt	2478.438054640825	1.5027046068040908	109300317	1381231	IRI
2700.9609375	1.50390625	StartSaying	Overt	2481.48461986562	1.5015254814147168	109434672	1382892	IRI
2704.294921875	1.501953125	StartReading	Overt	2484.8586418163372	1.5015254814147168	109583468	1384599	IJI
2707.6875	1.501953125	StartSaying	Overt	2488.223026684545	1.5026592558275764	109731839	1386336	IJI
2711.126953125	1.501953125	StartReading	Overt	2491.3917674400695	1.5025458783862904	109871582	1388097	UJU
2714.15625	1.501953125	StartSaying	Overt	2494.623069867696	1.5015028059264597	110014084	1389648	UJU
2717.4453125	1.50390625	StartReading	Overt	2497.8712428585854	1.5015028059264597	110157330	1391332	IPI
2720.86328125	1.501953125	StartSaying	Overt	2501.266080907523	1.502500527409776	110307044	1393082	IPI
2724.35546875	1.501953125	StartReading	Overt	2504.6907825744947	1.501548156902974	110458075	1394870	ISI
2727.369140625	1.501953125	StartSaying	Overt	2507.8723123053965	1.5018429382503176	110598382	1396413	ISI
2733.388671875	1.501953125	StartReading	Inert	2513.5675786380257	1.5016388588560028	110849546	1399495	OJO
2736.541015625	1.501953125	StartSaying	Inert	2516.7322831566407	1.5016615343442599	110989111	1401109	OJO
2739.650390625	1.501953125	StartReading	Inert	2520.1086406826485	1.5021603950859181	111138010	1402701	ANA
2742.958984375	1.501953125	StartSaying	Inert	2523.2319170842175	1.5021150441094038	111275748	1404395	ANA
2746.365234375	1.5	StartReading	Inert	2526.711788214119	1.5018429382503176	111429212	1406139	OPO
2749.595703125	1.50390625	StartSaying	Inert	2530.208597933749	1.5029313616866626	111583423	1407793	OPO
2752.625	1.501953125	StartReading	Inert	2533.358064524255	1.5024325009450044	111722316	1409344	IKI
2755.845703125	1.501953125	StartSaying	Inert	2536.488302300719	1.501774911785546	111860361	1410993	IKI
2758.962890625	1.501953125	StartReading	Inert	2539.6556371759716	1.5016842098325172	112000042	1412589	AFA
2762.427734375	1.501953125	StartSaying	Inert	2543.1509503133766	1.5026592558275764	112154187	1414363	AFA
2765.58203125	1.50390625	StartReading	Inert	2546.4621838371095	1.5024325009450044	112300214	1415978	UTU
2768.62890625	1.501953125	StartSaying	Inert	2549.95781443135	1.5024098254567473	112454373	1417538	UTU
2771.87109375	1.5	StartReading	Inert	2553.214513405824	1.5027953087571195	112597995	1419198	IJI
2775.33203125	1.501953125	StartSaying	Inert	2556.4998515219677	1.5015028059264597	112742880	1420970	IJI
2778.697265625	1.501953125	StartReading	Inert	2559.8608123914482	1.5015935078794884	112891100	1422693	UNU
2782.083984375	1.501953125	StartSaying	Inert	2563.2728838114613	1.5025685538745477	113041574	1424427	UNU
2785.265625	1.50390625	StartReading	Inert	2566.5679270365786	1.5017295608090315	113186887	1426056	UKU
2788.32421875	1.501953125	StartSaying	Inert	2569.8937408992606	1.5017295608090315	113333557	1427622	UKU
2791.80859375	1.5	StartReading	Inert	2572.9376530919294	1.5015254814147168	113467795	1429406	ELE
2795.01171875	1.501953125	StartSaying	Inert	2576.2181840045623	1.502523202898033	113612468	1431046	ELE
2802.05859375	1.501953125	StartReading	Overt	2582.266779795215	1.5026592558275764	113879214	1434654	UKU
2805.546875	1.501953125	StartSaying	Overt	2585.5682628589975	1.5015028059264597	114024811	1436440	UKU
2808.615234375	1.501953125	StartReading	Overt	2589.012442770382	1.5029086861984056	114176701	1438011	EFE
2812.111328125	1.5	StartSaying	Overt	2592.4365321991713	1.5027953087571195	114327705	1439801	EFE
2815.126953125	1.501953125	StartReading	Overt	2595.6392408361053	1.501774911785546	114468946	1441345	UNU
2818.466796875	1.501953125	StartSaying	Overt	2599.0041925915193	1.5027499577806052	114617342	1443055	UNU
2821.55078125	1.501953125	StartReading	Overt	2602.3306186923846	1.5027272822923479	114764039	1444634	OLO
2824.74609375	1.5	StartSaying	Overt	2605.807700737231	1.5016842098325172	114917380	1446270	OLO
2827.8515625	1.501953125	StartReading	Overt	2608.9036985264265	1.5017295608090315	115053915	1447860	UFU
2831.236328125	1.5	StartSaying	Overt	2612.1765197730515	1.5026819313158335	115198248	1449593	UFU
2834.662109375	1.501953125	StartReading	Overt	2615.4807692464015	1.5027272822923479	115343967	1451347	OPO
2837.708984375	1.5	StartSaying	Overt	2618.706629556846	1.501774911785546	115486229	1452907	OPO
2841.080078125	1.501953125	StartReading	Overt	2622.072284252396	1.502840659733634	115634656	1454633	ENE
2844.4453125	1.501953125	StartSaying	Overt	2625.4393675037063	1.5028179842453766	115783146	1456356	ENE
2847.61328125	1.501953125	StartReading	Overt	2628.5165446376486	1.5017295608090315	115918851	1457978	AKA
2850.84375	1.5	StartSaying	Overt	2631.676169846894	1.5016615343442599	116058192	1459632	AKA
2854.08984375	1.501953125	StartReading	Overt	2634.9614399365723	1.5016842098325172	116203074	1461294	EKE
2857.484375	1.501953125	StartSaying	Overt	2638.4604038275866	1.5028179842453766	116357380	1463032	EKE
2860.908203125	1.501953125	StartReading	Overt	2641.7078285273637	1.5017068853207742	116500593	1464785	ORO
2864.087890625	1.501953125	StartSaying	Overt	2644.9405821862388	1.5017522362972886	116643159	1466413	ORO
2869.783203125	1.501953125	StartReading	Inert	2650.628093501884	1.5016615343442599	116893981	1469329	ESE
2872.947265625	1.501953125	StartSaying	Inert	2653.7066991915863	1.5017068853207742	117029749	1470949	ESE
2876.322265625	1.501953125	StartReading	Inert	2656.867730281104	1.5018656137385746	117169152	1472677	ORO
2879.4453125	1.501953125	StartSaying	Inert	2659.9893060210534	1.5027499577806052	117306815	1474276	ORO
2882.923828125	1.501953125	StartReading	Inert	2663.25886199737	1.5027499577806052	117451004	1476057	EKE
2886.421875	1.501953125	StartSaying	Inert	2666.739934928149	1.5016842098325172	117604521	1477848	EKE
2889.5703125	1.501953125	StartReading	Inert	2669.8287672630554	1.5017295608090315	117740740	1479460	ERE
2892.69921875	1.501953125	StartSaying	Inert	2672.83825806455	1.5016842098325172	117873460	1481062	ERE
2895.865234375	1.501953125	StartReading	Inert	2676.087882286688	1.5027499577806052	118016770	1482683	ATA
2899.359375	1.50390625	StartSaying	Inert	2679.3437876190733	1.5027046068040908	118160357	1484472	ATA
2902.671875	1.501953125	StartReading	Inert	2682.7812102349576	1.5016388588560028	118311949	1486168	EFE
2906.166015625	1.501953125	StartSaying	Inert	2685.9969799531277	1.5021830705741754	118453766	1487957	EFE
2909.421875	1.501953125	StartReading	Inert	2689.060483767651	1.502863335221891	118588868	1489624	EPE
2912.70703125	1.501953125	StartSaying	Inert	2692.191265755833	1.5027953087571195	118726937	1491306	EPE
2916.068359375	1.5	StartReading	Inert	2695.4095751286877	1.5024551764332617	118868866	1493027	INI
2919.478515625	1.501953125	StartSaying	Inert	2698.813369995487	1.5017295608090315	119018975	1494773	INI
2922.7734375	1.501953125	StartReading	Inert	2702.0887082213085	1.5027499577806052	119163419	1496460	ALA
2926.099609375	1.5	StartSaying	Inert	2705.145273336425	1.5027953087571195	119298215	1498163	ALA
2929.142578125	1.501953125	StartReading	Inert	2708.4675044719625	1.5027726332688622	119444727	1499721	UMU
2932.421875	1.501953125	StartSaying	Inert	2711.583297962407	1.5016842098325172	119582135	1501400	UMU
2938.470703125	1.501953125	StartReading	Overt	2748.2815575882164	1.5028860107101483	121200546	1504497	ULU
2941.771484375	1.5	StartSaying	Overt	2751.7117240478583	1.5016615343442599	121351818	1506187	ULU
2945.21484375	1.501953125	StartReading	Overt	2754.9978558060907	1.5025458783862904	121496738	1507950	UTU
2948.638671875	1.501953125	StartSaying	Overt	2758.10317322096	1.5027046068040908	121633684	1509703	UTU
2951.83984375	1.501953125	StartReading	Overt	2761.2251571196985	1.5027726332688622	121771365	1511342	URU
2955.205078125	1.501953125	StartSaying	Overt	2764.471992256781	1.5028179842453766	121914552	1513065	URU
2958.53125	1.501953125	StartReading	Overt	2767.8349485692283	1.5017295608090315	122062860	1514768	ONO
2962.0078125	1.501953125	StartSaying	Overt	2771.2888562650755	1.5027272822923479	122215179	1516548	ONO
2965.103515625	1.5	StartReading	Overt	2774.4726988957796	1.5027499577806052	122355588	1518133	ELE
2968.375	1.50390625	StartSaying	Overt	2777.6174489847285	1.5017295608090315	122494273	1519808	ELE
2971.6796875	1.501953125	StartReading	Overt	2781.0739643617253	1.5026819313158335	122646707	1521500	ILI
2974.904296875	1.50390625	StartSaying	Overt	2784.506942581911	1.5015935078794884	122798103	1523151	ILI
2978.26953125	1.501953125	StartReading	Overt	2787.7489251645065	1.5014801304382024	122941076	1524874	OSO
2981.63671875	1.501953125	StartSaying	Overt	2790.908164890451	1.5017295608090315	123080400	1526598	OSO
2984.71484375	1.5	StartReading	Overt	2794.07139550233	1.5027726332688622	123219900	1528174	ESE
2987.873046875	1.501953125	StartSaying	Overt	2797.1621325782494	1.5027953087571195	123356203	1529791	ESE
2991.158203125	1.501953125	StartReading	Overt	2800.370510087248	1.5027953087571195	123497694	1531473	UMU
2994.65625	1.501953125	StartSaying	Overt	2803.564148528879	1.5016161833677455	123638535	1533264	UMU
2997.904296875	1.5	StartReading	Overt	2806.804294396926	1.5017295608090315	123781427	1534927	USU
3001.13671875	1.501953125	StartSaying	Overt	2809.9949396741067	1.5027046068040908	123922136	1536582	USU
3006.822265625	1.501953125	StartReading	Inert	2815.2093722782424	1.5025912293628048	124152095	1539493	OTO
3009.900390625	1.501953125	StartSaying	Inert	2818.486025682383	1.501774911785546	124296597	1541069	OTO
3013.0625	1.501953125	StartReading	Inert	2821.9981186810983	1.5027272822923479	124451482	1542688	OFO
3016.18359375	1.501953125	StartSaying	Inert	2825.147721324534	1.5025458783862904	124590381	1544286	OFO
3019.451171875	1.50390625	StartReading	Inert	2828.194672032629	1.502840659733634	124724753	1545959	ARA
3022.93359375	1.501953125	StartSaying	Inert	2831.591505524533	1.5017522362972886	124874555	1547742	ARA
3026.021484375	1.501953125	StartReading	Inert	2834.8325357366216	1.5017522362972886	125017486	1549323	ASA
3029.03125	1.501953125	StartSaying	Inert	2838.168462867067	1.5026365803393191	125164602	1550864	ASA
3032.279296875	1.50390625	StartReading	Inert	2841.402849161096	1.5027046068040908	125307240	1552527	ISI
3035.53515625	1.501953125	StartSaying	Inert	2844.4590514684005	1.5025685538745477	125442020	1554194	ISI
3038.97265625	1.501953125	StartReading	Inert	2847.637837465223	1.5016615343442599	125582206	1555954	URU
3042.1875	1.501953125	StartSaying	Inert	2850.883493476916	1.5018202627620603	125725341	1557600	URU
3045.251953125	1.501953125	StartReading	Inert	2854.001735920092	1.5021830705741754	125862857	1559169	ILI
3048.3828125	1.501953125	StartSaying	Inert	2857.1557149327614	1.502863335221891	126001949	1560772	ILI
3051.599609375	1.501953125	StartReading	Inert	2860.373207988039	1.5027272822923479	126143842	1562419	EME
3055.001953125	1.501953125	StartSaying	Inert	2863.7030580876312	1.501774911785546	126290690	1564161	EME
3058.279296875	1.501953125	StartReading	Inert	2867.0015253114752	1.501910964715089	126436154	1565839	ONO
3061.333984375	1.50390625	StartSaying	Inert	2870.3626222338858	1.5027953087571195	126584380	1567403	ONO
3064.658203125	1.501953125	StartReading	Inert	2873.4738806266787	1.5027046068040908	126721588	1569105	EJE
3067.7734375	1.5	StartSaying	Inert	2876.9089223162955	1.5018202627620603	126873075	1570700	EJE
3104.466796875	1.50390625	StartReading	Overt	2885.6985991539427	1.5015708323912311	127260704	1589487	AMA
3107.8984375	1.501953125	StartSaying	Overt	2889.0942988714337	1.5027953087571195	127410456	1591244	AMA
3111.18359375	1.501953125	StartReading	Overt	2892.3872559516312	1.5026819313158335	127555677	1592926	IFI
3114.2890625	1.501953125	StartSaying	Overt	2895.612005163151	1.5018202627620603	127697890	1594516	IFI
3117.41015625	1.501953125	StartReading	Overt	2898.9714694504073	1.501797587273803	127846044	1596114	AJA
3120.65625	1.50390625	StartSaying	Overt	2902.087330967316	1.5029313616866626	127983455	1597776	AJA
3124.01953125	1.501953125	StartReading	Overt	2905.2195868622352	1.5027046068040908	128121589	1599498	ANA
3127.47265625	1.50390625	StartSaying	Overt	2908.6243340995406	1.5016388588560028	128271740	1601266	ANA
3130.658203125	1.501953125	StartReading	Overt	2912.109738048577	1.502613904851062	128425448	1602897	AFA
3133.80078125	1.501953125	StartSaying	Overt	2915.1821760054736	1.5025458783862904	128560944	1604506	AFA
3137.2578125	1.501953125	StartReading	Overt	2918.3332298801574	1.5021377195976608	128699907	1606276	ATA
3140.69140625	1.501953125	StartSaying	Overt	2921.593375528847	1.501548156902974	128843681	1608034	ATA
3143.931640625	1.501953125	StartReading	Overt	2924.9756286818015	1.5017295608090315	128992840	1609693	OTO
3147.091796875	1.501953125	StartSaying	Overt	2928.02618479253	1.5025685538745477	129127371	1611311	OTO
3150.25390625	1.50390625	StartReading	Overt	2931.122205257214	1.5027272822923479	129263907	1612930	OJO
3153.345703125	1.501953125	StartSaying	Overt	2934.5969744022573	1.5016842098325172	129417146	1614513	OJO
3156.552734375	1.50390625	StartReading	Overt	2937.761542867943	1.5016842098325172	129556705	1616155	EPE
3159.74609375	1.501953125	StartSaying	Overt	2941.157355962875	1.502613904851062	129706462	1617790	EPE
3162.986328125	1.501953125	StartReading	Overt	2944.223218028177	1.5027726332688622	129841668	1619449	INI
3166.177734375	1.501953125	StartSaying	Overt	2947.2342280873845	1.5024325009450044	129974455	1621083	INI
3171.390625	1.501953125	StartReading	Inert	2954.3583449615644	1.5026592558275764	130288632	1623752	USU
3174.66796875	1.501953125	StartSaying	Inert	2957.6379461791785	1.5016388588560028	130433264	1625430	USU
3178.1796875	1.501953125	StartReading	Inert	2960.7244882897708	1.5017522362972886	130569382	1627228	AJA
3181.328125	1.501953125	StartSaying	Inert	2964.0713903565324	1.5026365803393191	130716982	1628840	AJA
3184.375	1.50390625	StartReading	Inert	2967.4637341017615	1.5027726332688622	130866586	1630400	IRI
3187.771484375	1.501953125	StartSaying	Inert	2970.843878434308	1.5017522362972886	131015652	1632139	IRI
3191.013671875	1.5	StartReading	Inert	2973.9710776953452	1.501797587273803	131153563	1633799	OLO
3194.34765625	1.50390625	StartSaying	Inert	2976.982699992736	1.5017522362972886	131286377	1635506	OLO
3197.58203125	1.50390625	StartReading	Inert	2980.090897194614	1.5026365803393191	131423450	1637162	IPI
3200.638671875	1.50390625	StartSaying	Inert	2983.2974833400403	1.5024325009450044	131564862	1638727	IPI
3203.818359375	1.5	StartReading	Inert	2986.4393082910037	1.5026819313158335	131703418	1640355	ITI
3207.064453125	1.5	StartSaying	Inert	2989.8030809210286	1.5016388588560028	131851762	1642017	ITI
3210.181640625	1.501953125	StartReading	Inert	2993.0262881993467	1.502613904851062	131993907	1643613	OMO
3213.3359375	1.501953125	StartSaying	Inert	2996.192761406046	1.5027272822923479	132133550	1645228	OMO
3216.552734375	1.501953125	StartReading	Inert	2999.265698223684	1.5027726332688622	132269068	1646875	OSO
3219.880859375	1.501953125	StartSaying	Inert	3002.393373669975	1.5026365803393191	132407000	1648579	OSO
3223.1796875	1.501953125	StartReading	Inert	3005.8781200298517	1.5012760510438876	132560679	1650268	AMA
3226.541015625	1.501953125	StartSaying	Inert	3009.345655694142	1.5027726332688622	132713599	1651989	AMA
3229.65234375	1.501953125	StartReading	Inert	3012.7539403076153	1.5016388588560028	132863906	1653582	ETE
3233.0859375	1.501953125	StartSaying	Inert	3016.038552808134	1.5025912293628048	133008759	1655340	ETE
3241.876953125	1.501953125	StartReading	Overt	3021.7749978274387	1.5016161833677455	133261739	1659841	APA
3245.271484375	1.501953125	StartSaying	Overt	3024.793445446795	1.5015028059264597	133394854	1661579	APA
3248.564453125	1.501953125	StartReading	Overt	3027.831915522282	1.5015935078794884	133528852	1663265	UPU
3251.7890625	1.5	StartSaying	Overt	3030.970339150007	1.5016161833677455	133667258	1664916	UPU
3255.146484375	1.501953125	StartReading	Overt	3034.29445235107	1.5026819313158335	133813853	1666635	IMI
3258.263671875	1.501953125	StartSaying	Overt	3037.704256222257	1.5015935078794884	133964227	1668231	IMI
3261.39453125	1.501953125	StartReading	Overt	3040.994084085075	1.5023417989919756	134109310	1669834	OFO
3264.80078125	1.5	StartSaying	Overt	3044.371371306101	1.502523202898033	134258250	1671578	OFO
3268.28515625	1.501953125	StartReading	Overt	3047.390861997917	1.5025458783862904	134391411	1673362	ALA
3271.357421875	1.501953125	StartSaying	Overt	3050.5199886754563	1.501548156902974	134529407	1674935	ALA
3274.5078125	1.501953125	StartReading	Overt	3053.740905729461	1.5015708323912311	134671451	1676548	ITI
3277.767578125	1.501953125	StartSaying	Overt	3056.8053619144907	1.5018202627620603	134806595	1678217	ITI
3281.150390625	1.5	StartReading	Overt	3060.201877949559	1.5020923686211465	134956383	1679949	ASA
3284.19921875	1.501953125	StartSaying	Overt	3063.435017091734	1.5027726332688622	135098966	1681510	ASA
3287.294921875	1.50390625	StartReading	Overt	3066.628020619694	1.5016842098325172	135239779	1683095	ERE
3290.76953125	1.501953125	StartSaying	Overt	3070.045012620659	1.5024778519215187	135390470	1684874	ERE
3293.93359375	1.501953125	StartReading	Overt	3073.5352237732054	1.501797587273803	135544390	1686494	ARA
3297.330078125	1.501953125	StartSaying	Overt	3076.6469356757634	1.5016842098325172	135681618	1688233	ARA
3300.39453125	1.501953125	StartReading	Overt	3079.8101436121533	1.5013440775086593	135821117	1689802	OMO
3303.404296875	1.50390625	StartSaying	Overt	3082.994417077134	1.5026592558275764	135961545	1691343	OMO
3310.529296875	1.501953125	StartReading	Inert	3092.5127027034614	1.502523202898033	136381306	1694991	UPU
3313.80859375	1.5	StartSaying	Inert	3095.579086304993	1.5016615343442599	136516535	1696670	UPU
3316.89453125	1.501953125	StartReading	Inert	3098.9864412234483	1.5028860107101483	136666801	1698250	IMI
3320.2421875	1.501953125	StartSaying	Inert	3102.4535007024847	1.5025458783862904	136819700	1699964	IMI
3323.6328125	1.50390625	StartReading	Inert	3105.7085443663163	1.5016615343442599	136963249	1701700	AKA
3327.013671875	1.5	StartSaying	Inert	3109.123790354685	1.502500527409776	137113863	1703431	AKA
3330.138671875	1.50390625	StartReading	Inert	3112.3355238359454	1.502364474480233	137255502	1705031	ENE
3333.150390625	1.501953125	StartSaying	Inert	3115.7058496820764	1.5020696931328894	137404135	1706573	ENE
3336.259765625	1.501953125	StartReading	Inert	3119.003840720667	1.5025685538745477	137549578	1708165	ULU
3339.46484375	1.501953125	StartSaying	Inert	3122.193669680271	1.5021603950859181	137690251	1709806	ULU
3342.607421875	1.501953125	StartReading	Inert	3125.261549864028	1.50238714996849	137825546	1711415	OKO
3345.970703125	1.501953125	StartSaying	Inert	3128.3975018635324	1.5024098254567473	137963843	1713137	OKO
3349.193359375	1.501953125	StartReading	Inert	3131.5822061627905	1.5024551764332617	138104290	1714787	APA
3352.359375	1.50390625	StartSaying	Inert	3134.961806283619	1.5022284215506898	138253332	1716408	APA
3355.431640625	1.50390625	StartReading	Inert	3138.4765069634836	1.5024098254567473	138408332	1717981	IFI
3358.55859375	1.50390625	StartSaying	Inert	3141.7067209676734	1.5014801304382024	138550786	1719582	IFI
3362.044921875	1.5	StartReading	Inert	3144.923375029886	1.5015708323912311	138692642	1721367	UJU
3365.51171875	1.501953125	StartSaying	Inert	3147.963455065039	1.5015254814147168	138826711	1723142	UJU
3368.919921875	1.501953125	StartReading	Inert	3151.13432731646	1.50238714996849	138966548	1724887	UFU
3372.203125	1.50390625	StartSaying	Inert	3154.610683745682	1.5016388588560028	139119857	1726568	UFU
